2026-06-30 13:03:10.638 | DEBUG    | __main__:read_pdf:170 - PDF: 250708_Charles Gikanga Kamau.pdf → 75747 chars
2026-06-30 13:03:20.146 | DEBUG    | __main__:extract_cv_info:336 - Extracted CV: Eng. Charles Gikanga Kamau
2026-06-30 13:03:44.793 | ERROR    | __main__:add_consultant_to_airtable:526 - Failed to add consultant Eng. Charles Gikanga Kamau: ('422 Client Error: Unprocessable Entity for url: https://api.airtable.com/v0/app2zoGNoagY5eLht/CONSULTANTS', '{\'type\': \'UNKNOWN_FIELD_NAME\', \'message\': \'Unknown field name: "based_in"\'}')
2026-06-30 13:03:45.179 | DEBUG    | __main__:read_docx:201 - DOCX: ABDI.docx → 7990 chars
2026-06-30 13:03:52.157 | DEBUG    | __main__:extract_cv_info:336 - Extracted CV: Salahweli Harun Abdi
2026-06-30 13:04:21.740 | ERROR    | __main__:add_consultant_to_airtable:526 - Failed to add consultant Salahweli Harun Abdi: ('422 Client Error: Unprocessable Entity for url: https://api.airtable.com/v0/app2zoGNoagY5eLht/CONSULTANTS', '{\'type\': \'UNKNOWN_FIELD_NAME\', \'message\': \'Unknown field name: "based_in"\'}')
2026-06-30 13:04:22.708 | DEBUG    | __main__:read_pdf:170 - PDF: AHMED HASSAN CV 2022 sept-2.pdf → 13530 chars
2026-06-30 13:04:31.275 | DEBUG    | __main__:extract_cv_info:336 - Extracted CV: Ahmed Adan Hassan
2026-06-30 13:04:37.564 | ERROR    | __main__:add_consultant_to_airtable:526 - Failed to add consultant Ahmed Adan Hassan: ('422 Client Error: Unprocessable Entity for url: https://api.airtable.com/v0/app2zoGNoagY5eLht/CONSULTANTS', '{\'type\': \'UNKNOWN_FIELD_NAME\', \'message\': \'Unknown field name: "based_in"\'}')
2026-06-30 13:04:37.928 | DEBUG    | __main__:read_docx:201 - DOCX: Abdifatah Hussein Aden-cv IOM.docx → 14690 chars
2026-06-30 13:04:46.486 | DEBUG    | __main__:extract_cv_info:336 - Extracted CV: Abdifatah Aden Hussein
2026-06-30 13:04:56.227 | ERROR    | __main__:add_consultant_to_airtable:526 - Failed to add consultant Abdifatah Aden Hussein: ('422 Client Error: Unprocessable Entity for url: https://api.airtable.com/v0/app2zoGNoagY5eLht/CONSULTANTS', '{\'type\': \'UNKNOWN_FIELD_NAME\', \'message\': \'Unknown field name: "based_in"\'}')
2026-06-30 13:04:56.624 | DEBUG    | __main__:read_docx:201 - DOCX: Abdifitah hussein aden- enviromental health.docx → 11104 chars
2026-06-30 13:05:04.766 | DEBUG    | __main__:extract_cv_info:336 - Extracted CV: Abdifatah Aden Hussein
2026-06-30 13:05:12.672 | ERROR    | __main__:add_consultant_to_airtable:526 - Failed to add consultant Abdifatah Aden Hussein: ('422 Client Error: Unprocessable Entity for url: https://api.airtable.com/v0/app2zoGNoagY5eLht/CONSULTANTS', '{\'type\': \'UNKNOWN_FIELD_NAME\', \'message\': \'Unknown field name: "based_in"\'}')
2026-06-30 13:05:13.046 | DEBUG    | __main__:read_docx:201 - DOCX: Abdikadir CV IOM.......docx → 19763 chars
2026-06-30 13:05:22.958 | DEBUG    | __main__:extract_cv_info:336 - Extracted CV: Abdikadir Adan Hussein
2026-06-30 13:05:25.906 | ERROR    | __main__:add_consultant_to_airtable:526 - Failed to add consultant Abdikadir Adan Hussein: ('422 Client Error: Unprocessable Entity for url: https://api.airtable.com/v0/app2zoGNoagY5eLht/CONSULTANTS', '{\'type\': \'UNKNOWN_FIELD_NAME\', \'message\': \'Unknown field name: "based_in"\'}')
2026-06-30 13:05:26.312 | DEBUG    | __main__:read_docx:201 - DOCX: Abdiladif Ahmed_climate change.docx → 12206 chars
2026-06-30 13:05:34.060 | DEBUG    | __main__:extract_cv_info:336 - Extracted CV: Abdiladif Ahmed Haret
2026-06-30 13:05:36.925 | ERROR    | __main__:add_consultant_to_airtable:526 - Failed to add consultant Abdiladif Ahmed Haret: ('422 Client Error: Unprocessable Entity for url: https://api.airtable.com/v0/app2zoGNoagY5eLht/CONSULTANTS', '{\'type\': \'UNKNOWN_FIELD_NAME\', \'message\': \'Unknown field name: "based_in"\'}')
2026-06-30 13:05:37.307 | DEBUG    | __main__:read_docx:201 - DOCX: Akama Maiko Erick.docx → 8812 chars
2026-06-30 13:05:44.521 | DEBUG    | __main__:extract_cv_info:336 - Extracted CV: Akama Maiko Erick
2026-06-30 13:05:48.515 | ERROR    | __main__:add_consultant_to_airtable:526 - Failed to add consultant Akama Maiko Erick: ('422 Client Error: Unprocessable Entity for url: https://api.airtable.com/v0/app2zoGNoagY5eLht/CONSULTANTS', '{\'type\': \'UNKNOWN_FIELD_NAME\', \'message\': \'Unknown field name: "based_in"\'}')
2026-06-30 13:05:49.362 | DEBUG    | __main__:read_pdf:170 - PDF: Amina CV 2025 -FINAL .pdf → 7819 chars
2026-06-30 13:05:55.652 | DEBUG    | __main__:extract_cv_info:336 - Extracted CV: Amina Aden Maalim
2026-06-30 13:06:04.698 | ERROR    | __main__:add_consultant_to_airtable:526 - Failed to add consultant Amina Aden Maalim: ('422 Client Error: Unprocessable Entity for url: https://api.airtable.com/v0/app2zoGNoagY5eLht/CONSULTANTS', '{\'type\': \'UNKNOWN_FIELD_NAME\', \'message\': \'Unknown field name: "based_in"\'}')
2026-06-30 13:06:05.079 | DEBUG    | __main__:read_docx:201 - DOCX: Amina aden_climate change.docx → 6141 chars
2026-06-30 13:06:11.944 | DEBUG    | __main__:extract_cv_info:336 - Extracted CV: Amina Aden Maalim
2026-06-30 13:06:46.550 | ERROR    | __main__:add_consultant_to_airtable:526 - Failed to add consultant Amina Aden Maalim: ('422 Client Error: Unprocessable Entity for url: https://api.airtable.com/v0/app2zoGNoagY5eLht/CONSULTANTS', '{\'type\': \'UNKNOWN_FIELD_NAME\', \'message\': \'Unknown field name: "based_in"\'}')
2026-06-30 13:06:47.855 | DEBUG    | __main__:read_pdf:170 - PDF: CV Updated -Dr Mohamed Muhumed Yussuf.pdf → 21833 chars
2026-06-30 13:06:56.588 | DEBUG    | __main__:extract_cv_info:336 - Extracted CV: Dr Mohamed Muhumed Yussuf
2026-06-30 13:07:02.033 | ERROR    | __main__:add_consultant_to_airtable:526 - Failed to add consultant Dr Mohamed Muhumed Yussuf: ('422 Client Error: Unprocessable Entity for url: https://api.airtable.com/v0/app2zoGNoagY5eLht/CONSULTANTS', '{\'type\': \'UNKNOWN_FIELD_NAME\', \'message\': \'Unknown field name: "based_in"\'}')
2026-06-30 13:07:02.424 | DEBUG    | __main__:read_docx:201 - DOCX: CV- Kogo_Apr 25.docx → 12438 chars
2026-06-30 13:07:13.151 | DEBUG    | __main__:extract_cv_info:336 - Extracted CV: Paul Kogo
2026-06-30 13:07:27.684 | ERROR    | __main__:add_consultant_to_airtable:526 - Failed to add consultant Paul Kogo: ('422 Client Error: Unprocessable Entity for url: https://api.airtable.com/v0/app2zoGNoagY5eLht/CONSULTANTS', '{\'type\': \'UNKNOWN_FIELD_NAME\', \'message\': \'Unknown field name: "based_in"\'}')
2026-06-30 13:07:28.072 | DEBUG    | __main__:read_docx:201 - DOCX: CV_Dr Catherine  _ Gender inclussion specilist.docx → 21787 chars
2026-06-30 13:07:37.744 | DEBUG    | __main__:extract_cv_info:336 - Extracted CV: Dr Catherine Minayo Chegero
2026-06-30 13:07:40.293 | ERROR    | __main__:add_consultant_to_airtable:526 - Failed to add consultant Dr Catherine Minayo Chegero: ('422 Client Error: Unprocessable Entity for url: https://api.airtable.com/v0/app2zoGNoagY5eLht/CONSULTANTS', '{\'type\': \'UNKNOWN_FIELD_NAME\', \'message\': \'Unknown field name: "based_in"\'}')
2026-06-30 13:07:40.688 | DEBUG    | __main__:read_docx:201 - DOCX: CV_Prof JOSEPH KAMUZHANJE.docx → 26583 chars
2026-06-30 13:07:50.079 | DEBUG    | __main__:extract_cv_info:336 - Extracted CV: Professor Joseph Kamuzhanje
2026-06-30 13:07:50.992 | ERROR    | __main__:add_consultant_to_airtable:526 - Failed to add consultant Professor Joseph Kamuzhanje: ('422 Client Error: Unprocessable Entity for url: https://api.airtable.com/v0/app2zoGNoagY5eLht/CONSULTANTS', '{\'type\': \'UNKNOWN_FIELD_NAME\', \'message\': \'Unknown field name: "based_in"\'}')
2026-06-30 13:07:51.588 | DEBUG    | __main__:read_docx:201 - DOCX: Charles Gikanga Kamau- civil engineer.docx → 36355 chars
2026-06-30 13:08:02.477 | DEBUG    | __main__:extract_cv_info:336 - Extracted CV: Charles Gikanga Kamau
2026-06-30 13:08:25.478 | ERROR    | __main__:add_consultant_to_airtable:526 - Failed to add consultant Charles Gikanga Kamau: ('422 Client Error: Unprocessable Entity for url: https://api.airtable.com/v0/app2zoGNoagY5eLht/CONSULTANTS', '{\'type\': \'UNKNOWN_FIELD_NAME\', \'message\': \'Unknown field name: "based_in"\'}')
2026-06-30 13:08:27.060 | DEBUG    | __main__:read_pdf:170 - PDF: Dr Chris_Evaluation Specialist (Quantitative & Qualitative Methods).pdf → 17322 chars
2026-06-30 13:08:34.618 | DEBUG    | __main__:extract_cv_info:336 - Extracted CV: Christopher Njuguna Kamau
2026-06-30 13:09:43.109 | ERROR    | __main__:add_consultant_to_airtable:526 - Failed to add consultant Christopher Njuguna Kamau: ('422 Client Error: Unprocessable Entity for url: https://api.airtable.com/v0/app2zoGNoagY5eLht/CONSULTANTS', '{\'type\': \'UNKNOWN_FIELD_NAME\', \'message\': \'Unknown field name: "based_in"\'}')
2026-06-30 13:09:43.513 | DEBUG    | __main__:read_docx:201 - DOCX: ISMAIL ARALE CURRENT RESUME.docx → 11841 chars
2026-06-30 13:09:51.102 | DEBUG    | __main__:extract_cv_info:336 - Extracted CV: Ismail Arale Ali
2026-06-30 13:09:55.398 | ERROR    | __main__:add_consultant_to_airtable:526 - Failed to add consultant Ismail Arale Ali: ('422 Client Error: Unprocessable Entity for url: https://api.airtable.com/v0/app2zoGNoagY5eLht/CONSULTANTS', '{\'type\': \'UNKNOWN_FIELD_NAME\', \'message\': \'Unknown field name: "based_in"\'}')
2026-06-30 13:09:55.775 | DEBUG    | __main__:read_docx:201 - DOCX: Mugove_ Resume.docx → 5326 chars
2026-06-30 13:10:01.878 | DEBUG    | __main__:extract_cv_info:336 - Extracted CV: Mugove Kwashirai Chakurira
2026-06-30 13:10:09.529 | ERROR    | __main__:add_consultant_to_airtable:526 - Failed to add consultant Mugove Kwashirai Chakurira: ('422 Client Error: Unprocessable Entity for url: https://api.airtable.com/v0/app2zoGNoagY5eLht/CONSULTANTS', '{\'type\': \'UNKNOWN_FIELD_NAME\', \'message\': \'Unknown field name: "based_in"\'}')
2026-06-30 13:10:09.845 | ERROR    | __main__:read_docx:204 - DOCX read failed for data/cvs/Nyasha Gender and SGBV Program Specialist-CV EU format .doc: File is not a zip file
2026-06-30 13:10:09.952 | DEBUG    | __main__:read_docx:201 - DOCX: PUE Expert.docx → 10763 chars
2026-06-30 13:10:19.161 | DEBUG    | __main__:extract_cv_info:336 - Extracted CV: Eng. George Otula PE
2026-06-30 13:10:33.011 | ERROR    | __main__:add_consultant_to_airtable:526 - Failed to add consultant Eng. George Otula PE: ('422 Client Error: Unprocessable Entity for url: https://api.airtable.com/v0/app2zoGNoagY5eLht/CONSULTANTS', '{\'type\': \'UNKNOWN_FIELD_NAME\', \'message\': \'Unknown field name: "based_in"\'}')
2026-06-30 13:10:33.466 | DEBUG    | __main__:read_docx:201 - DOCX: Salahweli Harun-cv IOM.docx → 18922 chars
2026-06-30 13:10:42.436 | DEBUG    | __main__:extract_cv_info:336 - Extracted CV: Salahweli Harun Abdi
2026-06-30 13:10:44.934 | ERROR    | __main__:add_consultant_to_airtable:526 - Failed to add consultant Salahweli Harun Abdi: ('422 Client Error: Unprocessable Entity for url: https://api.airtable.com/v0/app2zoGNoagY5eLht/CONSULTANTS', '{\'type\': \'UNKNOWN_FIELD_NAME\', \'message\': \'Unknown field name: "based_in"\'}')
2026-06-30 13:10:45.310 | DEBUG    | __main__:read_docx:201 - DOCX: Shafat A . CV...docx → 10982 chars
2026-06-30 13:10:52.993 | DEBUG    | __main__:extract_cv_info:336 - Extracted CV: Abdifatah Diis Shafat
2026-06-30 13:11:03.097 | ERROR    | __main__:add_consultant_to_airtable:526 - Failed to add consultant Abdifatah Diis Shafat: ('422 Client Error: Unprocessable Entity for url: https://api.airtable.com/v0/app2zoGNoagY5eLht/CONSULTANTS', '{\'type\': \'UNKNOWN_FIELD_NAME\', \'message\': \'Unknown field name: "based_in"\'}')
2026-06-30 13:11:03.473 | DEBUG    | __main__:read_docx:201 - DOCX: Shafat A . CV.._1.docx → 10982 chars
2026-06-30 13:11:11.269 | DEBUG    | __main__:extract_cv_info:336 - Extracted CV: Abdifatah Diis Shafat
2026-06-30 13:11:14.130 | ERROR    | __main__:add_consultant_to_airtable:526 - Failed to add consultant Abdifatah Diis Shafat: ('422 Client Error: Unprocessable Entity for url: https://api.airtable.com/v0/app2zoGNoagY5eLht/CONSULTANTS', '{\'type\': \'UNKNOWN_FIELD_NAME\', \'message\': \'Unknown field name: "based_in"\'}')
2026-06-30 13:11:14.519 | DEBUG    | __main__:read_docx:201 - DOCX: Suleiman Ahmed Cortech CV.docx → 14100 chars
2026-06-30 13:11:23.097 | DEBUG    | __main__:extract_cv_info:336 - Extracted CV: Suleiman Ahmed Osman
2026-06-30 13:11:25.224 | ERROR    | __main__:add_consultant_to_airtable:526 - Failed to add consultant Suleiman Ahmed Osman: ('422 Client Error: Unprocessable Entity for url: https://api.airtable.com/v0/app2zoGNoagY5eLht/CONSULTANTS', '{\'type\': \'UNKNOWN_FIELD_NAME\', \'message\': \'Unknown field name: "based_in"\'}')
2026-06-30 13:11:25.911 | DEBUG    | __main__:read_pdf:170 - PDF: amina -updated CV-2024.pdf → 5401 chars
2026-06-30 13:11:32.169 | DEBUG    | __main__:extract_cv_info:336 - Extracted CV: Amina Mohamed Ibrahim
2026-06-30 13:11:42.187 | ERROR    | __main__:add_consultant_to_airtable:526 - Failed to add consultant Amina Mohamed Ibrahim: ('422 Client Error: Unprocessable Entity for url: https://api.airtable.com/v0/app2zoGNoagY5eLht/CONSULTANTS', '{\'type\': \'UNKNOWN_FIELD_NAME\', \'message\': \'Unknown field name: "based_in"\'}')
2026-06-30 13:11:42.584 | DEBUG    | __main__:read_docx:201 - DOCX: mike.docx → 21940 chars
2026-06-30 13:11:49.897 | DEBUG    | __main__:extract_cv_info:336 - Extracted CV: Erick Maiko Akama
2026-06-30 13:11:52.161 | ERROR    | __main__:add_consultant_to_airtable:526 - Failed to add consultant Erick Maiko Akama: ('422 Client Error: Unprocessable Entity for url: https://api.airtable.com/v0/app2zoGNoagY5eLht/CONSULTANTS', '{\'type\': \'UNKNOWN_FIELD_NAME\', \'message\': \'Unknown field name: "based_in"\'}')
2026-06-30 13:11:52.633 | DEBUG    | __main__:read_docx:201 - DOCX: TECHNICAL PROPOSAL HI Kenya.docx → 72578 chars
2026-06-30 13:12:00.417 | DEBUG    | __main__:extract_proposal_info:413 - Extracted proposal: Provision of Consultancy Services to undertake Agritech landscape study in Kenya (AYuTe Africa Challenge)
2026-06-30 13:12:30.491 | ERROR    | __main__:add_proposal_to_airtable:581 - Failed to add proposal Provision of Consultancy Services to undertake Agritech landscape study in Kenya (AYuTe Africa Challenge): ('422 Client Error: Unprocessable Entity for url: https://api.airtable.com/v0/app2zoGNoagY5eLht/PAST_PROPOSALS', '{\'type\': \'INVALID_VALUE_FOR_COLUMN\', \'message\': \'Field "year" cannot accept the provided value\'}')
2026-06-30 13:12:31.223 | DEBUG    | __main__:read_docx:201 - DOCX: Technical Proposal Cortech to C40 Ethiopia.docx → 104074 chars
2026-06-30 13:12:40.533 | DEBUG    | __main__:extract_proposal_info:413 - Extracted proposal: Strengthening Urban Climate Resilience through Climate Risk Assessment and Community Action in Addis Ababa
2026-06-30 13:12:50.654 | DEBUG    | __main__:read_docx:201 - DOCX: Technical Proposal Cortech to Kituo Cha Sheria.docx → 100266 chars
2026-06-30 13:12:59.095 | DEBUG    | __main__:extract_proposal_info:413 - Extracted proposal: Refugee Labour Market Study and Strategic Advocacy Support
2026-06-30 13:13:05.027 | ERROR    | __main__:add_proposal_to_airtable:581 - Failed to add proposal Refugee Labour Market Study and Strategic Advocacy Support: ('422 Client Error: Unprocessable Entity for url: https://api.airtable.com/v0/app2zoGNoagY5eLht/PAST_PROPOSALS', '{\'type\': \'INVALID_VALUE_FOR_COLUMN\', \'message\': \'Field "year" cannot accept the provided value\'}')
2026-06-30 13:13:05.554 | DEBUG    | __main__:read_docx:201 - DOCX: Technical Proposal GREDO.docx → 81083 chars
2026-06-30 13:13:13.409 | DEBUG    | __main__:extract_proposal_info:413 - Extracted proposal: Documentation of Best Practices and Lessons Learnt under the Green Skills for Sustainable Employment Opportunities Intervention in Baidoa, Somalia
2026-06-30 13:13:27.133 | ERROR    | __main__:add_proposal_to_airtable:581 - Failed to add proposal Documentation of Best Practices and Lessons Learnt under the Green Skills for Sustainable Employment Opportunities Intervention in Baidoa, Somalia: ('422 Client Error: Unprocessable Entity for url: https://api.airtable.com/v0/app2zoGNoagY5eLht/PAST_PROPOSALS', '{\'type\': \'INVALID_VALUE_FOR_COLUMN\', \'message\': \'Field "year" cannot accept the provided value\'}')
2026-06-30 13:13:27.717 | DEBUG    | __main__:read_docx:201 - DOCX: Technical Proposal IGAD.docx → 117302 chars
2026-06-30 13:13:37.724 | DEBUG    | __main__:extract_proposal_info:413 - Extracted proposal: End-of-Project Evaluation of the 'Improving Land Governance in the IGAD Region' Programme (Phase II)
2026-06-30 13:13:44.335 | ERROR    | __main__:add_proposal_to_airtable:581 - Failed to add proposal End-of-Project Evaluation of the 'Improving Land Governance in the IGAD Region' Programme (Phase II): ('422 Client Error: Unprocessable Entity for url: https://api.airtable.com/v0/app2zoGNoagY5eLht/PAST_PROPOSALS', '{\'type\': \'INVALID_VALUE_FOR_COLUMN\', \'message\': \'Field "year" cannot accept the provided value\'}')
2026-06-30 13:13:44.850 | DEBUG    | __main__:read_docx:201 - DOCX: Technical Proposal IOM 18 Nov 2025.docx → 78269 chars
2026-06-30 13:13:54.514 | DEBUG    | __main__:extract_proposal_info:413 - Extracted proposal: Clan Dynamics in Baidoa Research Study
2026-06-30 13:13:59.858 | ERROR    | __main__:add_proposal_to_airtable:581 - Failed to add proposal Clan Dynamics in Baidoa Research Study: ('422 Client Error: Unprocessable Entity for url: https://api.airtable.com/v0/app2zoGNoagY5eLht/PAST_PROPOSALS', '{\'type\': \'INVALID_VALUE_FOR_COLUMN\', \'message\': \'Field "year" cannot accept the provided value\'}')
2026-06-30 13:14:00.270 | DEBUG    | __main__:read_docx:201 - DOCX: Technical Proposal, CORTEC.docx → 15294 chars
2026-06-30 13:14:07.220 | DEBUG    | __main__:extract_proposal_info:413 - Extracted proposal: Survey of applicable expert remuneration fees in comparable organizations in Somalia
2026-06-30 13:14:28.273 | ERROR    | __main__:add_proposal_to_airtable:581 - Failed to add proposal Survey of applicable expert remuneration fees in comparable organizations in Somalia: ('422 Client Error: Unprocessable Entity for url: https://api.airtable.com/v0/app2zoGNoagY5eLht/PAST_PROPOSALS', '{\'type\': \'INVALID_VALUE_FOR_COLUMN\', \'message\': \'Field "year" cannot accept the provided value\'}')
2026-06-30 13:14:28.740 | DEBUG    | __main__:read_docx:201 - DOCX: Technical Proposal.docx → 82976 chars
2026-06-30 13:14:37.237 | DEBUG    | __main__:extract_proposal_info:413 - Extracted proposal: Kenya Livestock Marketing and Resilience Project (KLMP) Annual Outcome Monitoring Survey Consultancy – FY26
2026-06-30 13:14:58.738 | ERROR    | __main__:add_proposal_to_airtable:581 - Failed to add proposal Kenya Livestock Marketing and Resilience Project (KLMP) Annual Outcome Monitoring Survey Consultancy – FY26: ('422 Client Error: Unprocessable Entity for url: https://api.airtable.com/v0/app2zoGNoagY5eLht/PAST_PROPOSALS', '{\'type\': \'INVALID_VALUE_FOR_COLUMN\', \'message\': \'Field "year" cannot accept the provided value\'}')
2026-06-30 13:15:03.160 | DEBUG    | __main__:read_pdf:170 - PDF: Technical Proposal_Endline Evaluation_KEN1202.pdf → 90233 chars
2026-06-30 13:15:11.826 | DEBUG    | __main__:extract_proposal_info:413 - Extracted proposal: Evaluation of the Chukua Control, Civil Society Empowerment for improved service delivery in rural areas of Kenya
2026-06-30 13:15:22.491 | ERROR    | __main__:add_proposal_to_airtable:581 - Failed to add proposal Evaluation of the Chukua Control, Civil Society Empowerment for improved service delivery in rural areas of Kenya: ('422 Client Error: Unprocessable Entity for url: https://api.airtable.com/v0/app2zoGNoagY5eLht/PAST_PROPOSALS', '{\'type\': \'INVALID_VALUE_FOR_COLUMN\', \'message\': \'Field "year" cannot accept the provided value\'}')
2026-06-30 13:56:37.328 | DEBUG    | __main__:read_pdf:170 - PDF: 250708_Charles Gikanga Kamau.pdf → 75747 chars
2026-06-30 13:56:47.177 | DEBUG    | __main__:extract_cv_info:336 - Extracted CV: Eng. Charles Gikanga Kamau
2026-06-30 13:56:52.272 | ERROR    | __main__:add_consultant_to_airtable:526 - Failed to add consultant Eng. Charles Gikanga Kamau: ('422 Client Error: Unprocessable Entity for url: https://api.airtable.com/v0/app2zoGNoagY5eLht/CONSULTANTS', '{\'type\': \'UNKNOWN_FIELD_NAME\', \'message\': \'Unknown field name: "day_rate_usd"\'}')
2026-06-30 13:56:52.648 | DEBUG    | __main__:read_docx:201 - DOCX: ABDI.docx → 7990 chars
2026-06-30 13:57:00.160 | DEBUG    | __main__:extract_cv_info:336 - Extracted CV: Salahweli Harun Abdi
2026-06-30 13:57:25.733 | ERROR    | __main__:add_consultant_to_airtable:526 - Failed to add consultant Salahweli Harun Abdi: ('422 Client Error: Unprocessable Entity for url: https://api.airtable.com/v0/app2zoGNoagY5eLht/CONSULTANTS', '{\'type\': \'UNKNOWN_FIELD_NAME\', \'message\': \'Unknown field name: "day_rate_usd"\'}')
2026-06-30 13:57:26.707 | DEBUG    | __main__:read_pdf:170 - PDF: AHMED HASSAN CV 2022 sept-2.pdf → 13530 chars
2026-06-30 13:57:35.972 | DEBUG    | __main__:extract_cv_info:336 - Extracted CV: Ahmed Adan Hassan
2026-06-30 13:57:38.114 | ERROR    | __main__:add_consultant_to_airtable:526 - Failed to add consultant Ahmed Adan Hassan: ('422 Client Error: Unprocessable Entity for url: https://api.airtable.com/v0/app2zoGNoagY5eLht/CONSULTANTS', '{\'type\': \'UNKNOWN_FIELD_NAME\', \'message\': \'Unknown field name: "day_rate_usd"\'}')
2026-06-30 13:57:38.485 | DEBUG    | __main__:read_docx:201 - DOCX: Abdifatah Hussein Aden-cv IOM.docx → 14690 chars
2026-06-30 13:57:47.019 | DEBUG    | __main__:extract_cv_info:336 - Extracted CV: Abdifatah Aden Hussein
2026-06-30 13:58:01.982 | ERROR    | __main__:add_consultant_to_airtable:526 - Failed to add consultant Abdifatah Aden Hussein: ('422 Client Error: Unprocessable Entity for url: https://api.airtable.com/v0/app2zoGNoagY5eLht/CONSULTANTS', '{\'type\': \'UNKNOWN_FIELD_NAME\', \'message\': \'Unknown field name: "day_rate_usd"\'}')
2026-06-30 13:58:02.362 | DEBUG    | __main__:read_docx:201 - DOCX: Abdifitah hussein aden- enviromental health.docx → 11104 chars
2026-06-30 13:58:10.205 | DEBUG    | __main__:extract_cv_info:336 - Extracted CV: Abdifatah Aden Hussein
2026-06-30 13:59:02.229 | ERROR    | __main__:add_consultant_to_airtable:526 - Failed to add consultant Abdifatah Aden Hussein: ('422 Client Error: Unprocessable Entity for url: https://api.airtable.com/v0/app2zoGNoagY5eLht/CONSULTANTS', '{\'type\': \'UNKNOWN_FIELD_NAME\', \'message\': \'Unknown field name: "day_rate_usd"\'}')
2026-06-30 13:59:02.598 | DEBUG    | __main__:read_docx:201 - DOCX: Abdikadir CV IOM.......docx → 19763 chars
2026-06-30 13:59:12.031 | DEBUG    | __main__:extract_cv_info:336 - Extracted CV: Abdikadir Adan Hussein
2026-06-30 13:59:20.408 | ERROR    | __main__:add_consultant_to_airtable:526 - Failed to add consultant Abdikadir Adan Hussein: ('422 Client Error: Unprocessable Entity for url: https://api.airtable.com/v0/app2zoGNoagY5eLht/CONSULTANTS', '{\'type\': \'UNKNOWN_FIELD_NAME\', \'message\': \'Unknown field name: "day_rate_usd"\'}')
2026-06-30 13:59:20.817 | DEBUG    | __main__:read_docx:201 - DOCX: Abdiladif Ahmed_climate change.docx → 12206 chars
2026-06-30 13:59:28.199 | DEBUG    | __main__:extract_cv_info:336 - Extracted CV: Abdiladif Ahmed Haret
2026-06-30 13:59:30.293 | ERROR    | __main__:add_consultant_to_airtable:526 - Failed to add consultant Abdiladif Ahmed Haret: ('422 Client Error: Unprocessable Entity for url: https://api.airtable.com/v0/app2zoGNoagY5eLht/CONSULTANTS', '{\'type\': \'UNKNOWN_FIELD_NAME\', \'message\': \'Unknown field name: "day_rate_usd"\'}')
2026-06-30 13:59:30.668 | DEBUG    | __main__:read_docx:201 - DOCX: Akama Maiko Erick.docx → 8812 chars
2026-06-30 13:59:37.796 | DEBUG    | __main__:extract_cv_info:336 - Extracted CV: Akama Maiko Erick
2026-06-30 14:05:40.719 | DEBUG    | __main__:read_pdf:170 - PDF: 250708_Charles Gikanga Kamau.pdf → 75747 chars
2026-06-30 14:05:50.618 | DEBUG    | __main__:extract_cv_info:336 - Extracted CV: Charles Gikanga Kamau
2026-06-30 14:05:53.798 | ERROR    | __main__:add_consultant_to_airtable:527 - Failed to add consultant Charles Gikanga Kamau: ('422 Client Error: Unprocessable Entity for url: https://api.airtable.com/v0/app2zoGNoagY5eLht/CONSULTANTS', '{\'type\': \'UNKNOWN_FIELD_NAME\', \'message\': \'Unknown field name: "day_rate_usd"\'}')
2026-06-30 14:05:54.170 | DEBUG    | __main__:read_docx:201 - DOCX: ABDI.docx → 7990 chars
2026-06-30 14:06:02.217 | DEBUG    | __main__:extract_cv_info:336 - Extracted CV: Salahweli Harun Abdi
2026-06-30 14:25:16.820 | DEBUG    | __main__:read_pdf:170 - PDF: 250708_Charles Gikanga Kamau.pdf → 75747 chars
2026-06-30 14:25:26.973 | DEBUG    | __main__:extract_cv_info:336 - Extracted CV: Eng. Charles Gikanga Kamau
2026-06-30 14:25:30.221 | DEBUG    | __main__:read_docx:201 - DOCX: ABDI.docx → 7990 chars
2026-06-30 14:25:37.868 | DEBUG    | __main__:extract_cv_info:336 - Extracted CV: Salahweli Harun Abdi
2026-06-30 14:25:41.267 | DEBUG    | __main__:read_pdf:170 - PDF: AHMED HASSAN CV 2022 sept-2.pdf → 13530 chars
2026-06-30 14:25:49.131 | DEBUG    | __main__:extract_cv_info:336 - Extracted CV: Ahmed Adan Hassan
2026-06-30 14:25:59.216 | DEBUG    | __main__:read_docx:201 - DOCX: Abdifatah Hussein Aden-cv IOM.docx → 14690 chars
2026-06-30 14:26:08.639 | DEBUG    | __main__:extract_cv_info:336 - Extracted CV: Abdifatah Aden Hussein
2026-06-30 14:26:15.826 | DEBUG    | __main__:read_docx:201 - DOCX: Abdifitah hussein aden- enviromental health.docx → 11104 chars
2026-06-30 14:26:26.612 | DEBUG    | __main__:extract_cv_info:336 - Extracted CV: Abdifatah Aden Hussein
2026-06-30 14:26:32.226 | DEBUG    | __main__:read_docx:201 - DOCX: Abdikadir CV IOM.......docx → 19763 chars
2026-06-30 14:26:44.886 | DEBUG    | __main__:extract_cv_info:336 - Extracted CV: Abdikadir Adan Hussein
2026-06-30 14:26:47.995 | DEBUG    | __main__:read_docx:201 - DOCX: Abdiladif Ahmed_climate change.docx → 12206 chars
2026-06-30 14:26:55.227 | DEBUG    | __main__:extract_cv_info:336 - Extracted CV: Abdiladif Ahmed Haret
2026-06-30 14:26:57.935 | DEBUG    | __main__:read_docx:201 - DOCX: Akama Maiko Erick.docx → 8812 chars
2026-06-30 14:27:05.249 | DEBUG    | __main__:extract_cv_info:336 - Extracted CV: Akama Maiko Erick
2026-06-30 14:27:08.693 | DEBUG    | __main__:read_pdf:170 - PDF: Amina CV 2025 -FINAL .pdf → 7819 chars
2026-06-30 14:27:16.208 | DEBUG    | __main__:extract_cv_info:336 - Extracted CV: Amina Aden Maalim
2026-06-30 14:27:19.824 | DEBUG    | __main__:read_docx:201 - DOCX: Amina aden_climate change.docx → 6141 chars
2026-06-30 14:27:26.770 | DEBUG    | __main__:extract_cv_info:336 - Extracted CV: Amina Aden Maalim
2026-06-30 14:27:34.758 | DEBUG    | __main__:read_pdf:170 - PDF: CV Updated -Dr Mohamed Muhumed Yussuf.pdf → 21833 chars
2026-06-30 14:27:44.130 | DEBUG    | __main__:extract_cv_info:336 - Extracted CV: Dr Mohamed Muhumed Yussuf
2026-06-30 14:27:47.190 | DEBUG    | __main__:read_docx:201 - DOCX: CV- Kogo_Apr 25.docx → 12438 chars
2026-06-30 14:27:58.401 | DEBUG    | __main__:extract_cv_info:336 - Extracted CV: Paul Kogo
2026-06-30 14:28:02.567 | DEBUG    | __main__:read_docx:201 - DOCX: CV_Dr Catherine  _ Gender inclussion specilist.docx → 21787 chars
2026-06-30 14:28:11.660 | DEBUG    | __main__:extract_cv_info:336 - Extracted CV: Dr Catherine Minayo Chegero
2026-06-30 14:28:19.939 | DEBUG    | __main__:read_docx:201 - DOCX: CV_Prof JOSEPH KAMUZHANJE.docx → 26583 chars
2026-06-30 14:28:29.634 | DEBUG    | __main__:extract_cv_info:336 - Extracted CV: Professor Joseph Kamuzhanje
2026-06-30 14:28:35.102 | DEBUG    | __main__:read_docx:201 - DOCX: Charles Gikanga Kamau- civil engineer.docx → 36355 chars
2026-06-30 14:28:45.423 | DEBUG    | __main__:extract_cv_info:336 - Extracted CV: Charles Gikanga Kamau
2026-06-30 14:28:49.423 | DEBUG    | __main__:read_pdf:170 - PDF: Dr Chris_Evaluation Specialist (Quantitative & Qualitative Methods).pdf → 17322 chars
2026-06-30 14:28:58.101 | DEBUG    | __main__:extract_cv_info:336 - Extracted CV: Christopher Njuguna Kamau
2026-06-30 14:29:00.666 | DEBUG    | __main__:read_docx:201 - DOCX: ISMAIL ARALE CURRENT RESUME.docx → 11841 chars
2026-06-30 14:29:07.908 | DEBUG    | __main__:extract_cv_info:336 - Extracted CV: Ismail Arale Ali
2026-06-30 14:29:10.476 | DEBUG    | __main__:read_docx:201 - DOCX: Mugove_ Resume.docx → 5326 chars
2026-06-30 14:29:17.097 | DEBUG    | __main__:extract_cv_info:336 - Extracted CV: Mugove Kwashirai Chakurira
2026-06-30 14:29:20.776 | ERROR    | __main__:read_docx:204 - DOCX read failed for data/cvs/Nyasha Gender and SGBV Program Specialist-CV EU format .doc: File is not a zip file
2026-06-30 14:29:20.819 | DEBUG    | __main__:read_docx:201 - DOCX: PUE Expert.docx → 10763 chars
2026-06-30 14:29:28.780 | DEBUG    | __main__:extract_cv_info:336 - Extracted CV: Eng. George Otula PE
2026-06-30 14:29:33.060 | DEBUG    | __main__:read_docx:201 - DOCX: Salahweli Harun-cv IOM.docx → 18922 chars
2026-06-30 14:29:41.813 | DEBUG    | __main__:extract_cv_info:336 - Extracted CV: Salahweli Harun Abdi
2026-06-30 14:29:46.063 | DEBUG    | __main__:read_docx:201 - DOCX: Shafat A . CV...docx → 10982 chars
2026-06-30 14:29:54.406 | DEBUG    | __main__:extract_cv_info:336 - Extracted CV: Abdifatah Diis Shafat
2026-06-30 14:30:00.444 | DEBUG    | __main__:read_docx:201 - DOCX: Shafat A . CV.._1.docx → 10982 chars
2026-06-30 14:30:08.255 | DEBUG    | __main__:extract_cv_info:336 - Extracted CV: Abdifatah Diis Shafat
2026-06-30 14:30:11.745 | DEBUG    | __main__:read_docx:201 - DOCX: Suleiman Ahmed Cortech CV.docx → 14100 chars
2026-06-30 14:30:19.901 | DEBUG    | __main__:extract_cv_info:336 - Extracted CV: Suleiman Ahmed Osman
2026-06-30 14:30:24.197 | DEBUG    | __main__:read_pdf:170 - PDF: amina -updated CV-2024.pdf → 5401 chars
2026-06-30 14:30:30.757 | DEBUG    | __main__:extract_cv_info:336 - Extracted CV: Amina Mohamed Ibrahim
2026-06-30 14:30:33.717 | DEBUG    | __main__:read_docx:201 - DOCX: mike.docx → 21940 chars
2026-06-30 14:30:41.090 | DEBUG    | __main__:extract_cv_info:336 - Extracted CV: Erick Maiko Akama
2026-06-30 14:30:47.799 | DEBUG    | __main__:read_docx:201 - DOCX: TECHNICAL PROPOSAL HI Kenya.docx → 72578 chars
2026-06-30 14:30:56.258 | DEBUG    | __main__:extract_proposal_info:413 - Extracted proposal: Provision of Consultancy Services to undertake Agritech landscape study in Kenya (AYuTe Africa Challenge)
2026-06-30 14:31:06.874 | ERROR    | __main__:add_proposal_to_airtable:582 - Failed to add proposal Provision of Consultancy Services to undertake Agritech landscape study in Kenya (AYuTe Africa Challenge): ('422 Client Error: Unprocessable Entity for url: https://api.airtable.com/v0/app2zoGNoagY5eLht/PAST_PROPOSALS', '{\'type\': \'INVALID_MULTIPLE_CHOICE_OPTIONS\', \'message\': \'Insufficient permissions to create new select option ""Research""\'}')
2026-06-30 14:31:08.016 | DEBUG    | __main__:read_docx:201 - DOCX: Technical Proposal Cortech to C40 Ethiopia.docx → 104074 chars
2026-06-30 14:31:16.839 | DEBUG    | __main__:extract_proposal_info:413 - Extracted proposal: Strengthening Urban Climate Resilience through Climate Risk Assessment and Community Action in Addis Ababa
2026-06-30 14:31:42.573 | ERROR    | __main__:add_proposal_to_airtable:582 - Failed to add proposal Strengthening Urban Climate Resilience through Climate Risk Assessment and Community Action in Addis Ababa: ('422 Client Error: Unprocessable Entity for url: https://api.airtable.com/v0/app2zoGNoagY5eLht/PAST_PROPOSALS', '{\'type\': \'INVALID_MULTIPLE_CHOICE_OPTIONS\', \'message\': \'Insufficient permissions to create new select option ""Capacity Building""\'}')
2026-06-30 14:31:43.419 | DEBUG    | __main__:read_docx:201 - DOCX: Technical Proposal Cortech to Kituo Cha Sheria.docx → 100266 chars
2026-06-30 14:41:21.354 | DEBUG    | __main__:read_docx:201 - DOCX: TECHNICAL PROPOSAL HI Kenya.docx → 72578 chars
2026-06-30 14:41:30.335 | DEBUG    | __main__:extract_proposal_info:413 - Extracted proposal: Provision of Consultancy Services to undertake Agritech landscape study in Kenya (AYuTe Africa Challenge)
2026-06-30 14:41:43.086 | DEBUG    | __main__:read_docx:201 - DOCX: Technical Proposal Cortech to C40 Ethiopia.docx → 104074 chars
2026-06-30 14:41:52.540 | DEBUG    | __main__:extract_proposal_info:413 - Extracted proposal: Strengthening Urban Climate Resilience through Climate Risk Assessment and Community Action in Addis Ababa
2026-06-30 14:42:05.922 | DEBUG    | __main__:read_docx:201 - DOCX: Technical Proposal Cortech to Kituo Cha Sheria.docx → 100266 chars
2026-06-30 14:42:15.083 | DEBUG    | __main__:extract_proposal_info:413 - Extracted proposal: Refugee Labour Market Study and Strategic Advocacy Support
2026-06-30 14:42:26.208 | DEBUG    | __main__:read_docx:201 - DOCX: Technical Proposal GREDO.docx → 81083 chars
2026-06-30 14:42:36.177 | DEBUG    | __main__:extract_proposal_info:413 - Extracted proposal: Documentation of Best Practices and Lessons Learnt under the Green Skills for Sustainable Employment Opportunities Intervention in Baidoa, Somalia
2026-06-30 14:42:41.747 | DEBUG    | __main__:read_docx:201 - DOCX: Technical Proposal IGAD.docx → 117302 chars
2026-06-30 14:42:51.845 | DEBUG    | __main__:extract_proposal_info:413 - Extracted proposal: End-of-Project Evaluation of the 'Improving Land Governance in the IGAD Region' Programme (Phase II)
2026-06-30 14:42:58.824 | DEBUG    | __main__:read_docx:201 - DOCX: Technical Proposal IOM 18 Nov 2025.docx → 78269 chars
2026-06-30 14:43:08.027 | DEBUG    | __main__:extract_proposal_info:413 - Extracted proposal: Clan Dynamics in Baidoa Research Study
2026-06-30 14:43:15.807 | DEBUG    | __main__:read_docx:201 - DOCX: Technical Proposal, CORTEC.docx → 15294 chars
2026-06-30 14:43:28.812 | DEBUG    | __main__:extract_proposal_info:413 - Extracted proposal: Survey of applicable expert remuneration fees in comparable organizations in Somalia
2026-06-30 14:43:43.838 | DEBUG    | __main__:read_docx:201 - DOCX: Technical Proposal.docx → 82976 chars
2026-06-30 14:43:53.203 | DEBUG    | __main__:extract_proposal_info:413 - Extracted proposal: Kenya Livestock Marketing and Resilience Project (KLMP) Annual Outcome Monitoring Survey Consultancy – FY26
2026-06-30 14:44:11.564 | DEBUG    | __main__:read_pdf:170 - PDF: Technical Proposal_Endline Evaluation_KEN1202.pdf → 90233 chars
2026-06-30 14:44:19.502 | DEBUG    | __main__:extract_proposal_info:413 - Extracted proposal: Evaluation of the Chukua Control, Civil Society Empowerment for improved service delivery in rural areas of Kenya
2026-07-22 12:04:44.156 | DEBUG    | __main__:read_docx:201 - DOCX: ABDI.docx → 7990 chars
2026-07-22 12:04:52.085 | DEBUG    | __main__:extract_cv_info:336 - Extracted CV: Salahweli Harun Abdi
2026-07-22 12:05:00.241 | DEBUG    | __main__:read_docx:201 - DOCX: ABDULLAHI I. MOHAMED- Executive Director.docx → 9361 chars
2026-07-22 12:05:08.920 | DEBUG    | __main__:extract_cv_info:336 - Extracted CV: Abdullahi I. Mohamed
2026-07-22 12:05:12.896 | DEBUG    | __main__:read_pdf:170 - PDF: AHMED HASSAN CV 2022 sept-2.pdf → 13530 chars
2026-07-22 12:05:21.671 | DEBUG    | __main__:extract_cv_info:336 - Extracted CV: Ahmed Adan Hassan
2026-07-22 12:05:27.144 | DEBUG    | __main__:read_docx:201 - DOCX: Abdifatah Hussein Aden-cv IOM.docx → 14690 chars
2026-07-22 12:05:35.958 | DEBUG    | __main__:extract_cv_info:336 - Extracted CV: Abdifatah Aden Hussein
2026-07-22 12:05:40.244 | DEBUG    | __main__:read_docx:201 - DOCX: Abdikadir CV IOM.......docx → 19763 chars
2026-07-22 12:05:50.666 | DEBUG    | __main__:extract_cv_info:336 - Extracted CV: Abdikadir Adan Hussein
2026-07-22 12:06:03.276 | DEBUG    | __main__:read_docx:201 - DOCX: Abdiladif Ahmed_climate change.docx → 12206 chars
2026-07-22 12:06:10.674 | DEBUG    | __main__:extract_cv_info:336 - Extracted CV: Abdiladif Ahmed Haret
2026-07-22 12:06:15.255 | DEBUG    | __main__:read_docx:201 - DOCX: Aden Diis - law, legal and policy.docx → 9816 chars
2026-07-22 12:06:23.839 | DEBUG    | __main__:extract_cv_info:336 - Extracted CV: Aden Diis
2026-07-22 12:06:35.949 | DEBUG    | __main__:read_docx:201 - DOCX: Ahmed Hassan Feer- water enginner.docx → 9541 chars
2026-07-22 12:06:44.221 | DEBUG    | __main__:extract_cv_info:336 - Extracted CV: Ahmed Hassan Feer
2026-07-22 12:06:59.628 | DEBUG    | __main__:read_docx:201 - DOCX: Akama Maiko Erick.docx → 8812 chars
2026-07-22 12:07:08.080 | DEBUG    | __main__:extract_cv_info:336 - Extracted CV: Akama Maiko Erick
2026-07-22 12:07:21.590 | DEBUG    | __main__:read_docx:201 - DOCX: Amina aden_climate change.docx → 6141 chars
2026-07-22 12:07:28.564 | DEBUG    | __main__:extract_cv_info:336 - Extracted CV: Amina Aden Maalim
2026-07-22 12:07:45.907 | DEBUG    | __main__:read_pdf:170 - PDF: CV Updated -Dr Mohamed Muhumed Yussuf.pdf → 21833 chars
2026-07-22 12:07:54.918 | DEBUG    | __main__:extract_cv_info:336 - Extracted CV: Dr Mohamed Muhumed Yussuf
2026-07-22 12:07:58.571 | DEBUG    | __main__:read_docx:201 - DOCX: CV- Kogo_Apr 25.docx → 12438 chars
2026-07-22 12:08:08.659 | DEBUG    | __main__:extract_cv_info:336 - Extracted CV: Paul Kogo
2026-07-22 12:08:16.225 | DEBUG    | __main__:read_docx:201 - DOCX: CV_Dr Catherine  _ Gender inclussion specilist.docx → 21787 chars
2026-07-22 12:08:25.191 | DEBUG    | __main__:extract_cv_info:336 - Extracted CV: Dr Catherine Minayo Chegero
2026-07-22 12:08:35.806 | DEBUG    | __main__:read_docx:201 - DOCX: CV_Prof JOSEPH KAMUZHANJE.docx → 26583 chars
2026-07-22 12:08:45.365 | DEBUG    | __main__:extract_cv_info:336 - Extracted CV: Professor Joseph Kamuzhanje
2026-07-22 12:08:51.404 | DEBUG    | __main__:read_docx:201 - DOCX: Charles Gikanga Kamau- civil engineer.docx → 36355 chars
2026-07-22 12:09:02.569 | DEBUG    | __main__:extract_cv_info:336 - Extracted CV: Charles Gikanga Kamau
2026-07-22 12:09:08.383 | DEBUG    | __main__:read_pdf:170 - PDF: Dr Chris_Evaluation Specialist (Quantitative & Qualitative Methods).pdf → 17322 chars
2026-07-22 12:09:15.574 | DEBUG    | __main__:extract_cv_info:336 - Extracted CV: Christopher Njuguna Kamau
2026-07-22 12:09:25.407 | DEBUG    | __main__:read_docx:201 - DOCX: Dr Christopher Njuguna Kamau-- Researher.docx → 11506 chars
2026-07-22 12:09:34.724 | DEBUG    | __main__:extract_cv_info:336 - Extracted CV: Dr Christopher Njuguna Kamau
2026-07-22 12:09:50.264 | DEBUG    | __main__:read_docx:201 - DOCX: Dr. Hudson Aluvanze CV - Team Leader^J Management information.docx → 11248 chars
2026-07-22 12:09:58.676 | DEBUG    | __main__:extract_cv_info:336 - Extracted CV: Dr. Hudson Arcoustav Aluvanze
2026-07-22 12:10:04.042 | DEBUG    | __main__:read_docx:201 - DOCX: Elizabeth CV Malawi, Agriculture Economics World Bank Format.docx → 38939 chars
2026-07-22 12:10:11.794 | DEBUG    | __main__:extract_cv_info:336 - Extracted CV: Elizabeth MANDA
2026-07-22 12:10:26.609 | DEBUG    | __main__:read_docx:201 - DOCX: Eng. George, PE Otula- electrical eng.docx → 9235 chars
2026-07-22 12:10:34.618 | DEBUG    | __main__:extract_cv_info:336 - Extracted CV: Eng. George, PE Otula
2026-07-22 12:10:53.738 | DEBUG    | __main__:read_docx:201 - DOCX: ISMAIL  ARALE  ALI - law.docx → 7276 chars
2026-07-22 12:11:01.923 | DEBUG    | __main__:extract_cv_info:336 - Extracted CV: Ismail Arale Ali
2026-07-22 12:11:11.578 | DEBUG    | __main__:read_docx:201 - DOCX: ISMAIL ARALE CURRENT RESUME.docx → 11841 chars
2026-07-22 12:11:18.447 | DEBUG    | __main__:extract_cv_info:336 - Extracted CV: Ismail Arale Ali
2026-07-22 12:11:27.883 | DEBUG    | __main__:read_docx:201 - DOCX: Ibrahim_Cortech_social impact and enviromental..docx → 13741 chars
2026-07-22 12:11:36.770 | DEBUG    | __main__:extract_cv_info:336 - Extracted CV: Ibrahim Muhumed
2026-07-22 12:12:00.476 | DEBUG    | __main__:read_docx:201 - DOCX: LAWRENCE KIMATHI KAARIA- ICT Specialist.docx → 14587 chars
2026-07-22 12:12:10.250 | DEBUG    | __main__:extract_cv_info:336 - Extracted CV: Lawrence Kimathi Kaaria
2026-07-22 12:12:16.924 | DEBUG    | __main__:read_docx:201 - DOCX: MOHAMED HASSAN BOYA- geophysicist.docx → 6757 chars
2026-07-22 12:12:24.154 | DEBUG    | __main__:extract_cv_info:336 - Extracted CV: Mohamed Hassan Boya
2026-07-22 12:12:27.222 | DEBUG    | __main__:read_docx:201 - DOCX: Mr. Mishael M. Wambua- law, legal.docx → 6578 chars
2026-07-22 12:12:36.043 | DEBUG    | __main__:extract_cv_info:336 - Extracted CV: Mr. Mishael M. Wambua
2026-07-22 12:13:02.836 | DEBUG    | __main__:read_docx:201 - DOCX: Mugove_ Resume.docx → 5326 chars
2026-07-22 12:13:09.422 | DEBUG    | __main__:extract_cv_info:336 - Extracted CV: Mugove Kwashirai Chakurira
2026-07-22 12:13:12.134 | ERROR    | __main__:read_docx:204 - DOCX read failed for data/cvs/Nyasha Gender and SGBV Program Specialist-CV EU format .doc: File is not a zip file
2026-07-22 12:13:12.357 | DEBUG    | __main__:read_docx:201 - DOCX: Nyasha Memory Chidau- gender equality.docx → 11004 chars
2026-07-22 12:13:21.300 | DEBUG    | __main__:extract_cv_info:336 - Extracted CV: Nyasha Memory Chidau
2026-07-22 12:13:36.843 | DEBUG    | __main__:read_docx:201 - DOCX: PAUL GITONGA - COMMUNICATION.docx → 7774 chars
2026-07-22 12:13:43.565 | DEBUG    | __main__:extract_cv_info:336 - Extracted CV: Paul Gitobu Gitonga
2026-07-22 12:13:57.035 | DEBUG    | __main__:read_docx:201 - DOCX: PAUL KOGO- WATER eng.docx → 13544 chars
2026-07-22 12:14:07.681 | DEBUG    | __main__:extract_cv_info:336 - Extracted CV: Paul Kogo
2026-07-22 12:14:10.813 | DEBUG    | __main__:read_docx:201 - DOCX: PUE Expert.docx → 10763 chars
2026-07-22 12:14:19.766 | DEBUG    | __main__:extract_cv_info:336 - Extracted CV: Eng. George Otula PE
2026-07-22 12:14:26.780 | DEBUG    | __main__:read_docx:201 - DOCX: RITTAH_ marketing and communications .docx → 8934 chars
2026-07-22 12:14:34.405 | DEBUG    | __main__:extract_cv_info:336 - Extracted CV: Rittah Vickie Okello
2026-07-22 12:14:54.413 | DEBUG    | __main__:read_docx:201 - DOCX: Salahweli Harun-cv IOM.docx → 18922 chars
2026-07-22 12:15:06.151 | DEBUG    | __main__:extract_cv_info:336 - Extracted CV: Salahweli Harun Abdi
2026-07-22 12:15:12.470 | DEBUG    | __main__:read_docx:201 - DOCX: Shafat A . CV.._1.docx → 10982 chars
2026-07-22 12:15:24.373 | DEBUG    | __main__:extract_cv_info:336 - Extracted CV: Abdifatah Diis Shafat
2026-07-22 12:15:30.840 | DEBUG    | __main__:read_docx:201 - DOCX: Suleiman Ahmed Cortech CV.docx → 14100 chars
2026-07-22 12:15:40.144 | DEBUG    | __main__:extract_cv_info:336 - Extracted CV: Suleiman Ahmed Osman
2026-07-22 12:15:44.673 | DEBUG    | __main__:read_docx:201 - DOCX: mike.docx → 21940 chars
2026-07-22 12:15:51.932 | DEBUG    | __main__:extract_cv_info:336 - Extracted CV: Erick Maiko Akama
2026-07-22 15:19:16.863 | DEBUG    | __main__:read_docx:201 - DOCX: TECHNICAL PROPOSAL CEF-RFP-01.docx → 77485 chars
2026-07-22 15:19:27.392 | DEBUG    | __main__:extract_proposal_info:413 - Extracted proposal: Monitoring, Evaluation, and Learning Partner for the Somali Civic Engagement Facility
2026-07-22 15:19:52.093 | DEBUG    | __main__:read_docx:201 - DOCX: TECHNICAL PROPOSAL HI Kenya.docx → 72578 chars
2026-07-22 15:20:00.422 | DEBUG    | __main__:extract_proposal_info:413 - Extracted proposal: Provision of Consultancy Services to undertake Agritech landscape study in Kenya / AYuTe Africa Challenge (Agriculture, Youth, and Technology)
2026-07-22 15:20:39.940 | DEBUG    | __main__:read_docx:201 - DOCX: TECHNICAL_PROPOSAL_CEF-RFP-01_Monitoring_Evaluation_and_Learning_Partner_for_the_Somali_Civic_Engagement_Facility_FINAL.docx → 130285 chars
2026-07-22 15:20:49.929 | DEBUG    | __main__:extract_proposal_info:413 - Extracted proposal: Monitoring, Evaluation, and Learning Partner for the Somali Civic Engagement Facility
2026-07-22 15:20:58.096 | DEBUG    | __main__:read_docx:201 - DOCX: Technical Proposal - Internal Audit.docx → 40258 chars
2026-07-22 15:21:06.110 | DEBUG    | __main__:extract_proposal_info:413 - Extracted proposal: Internal Audit of Qatar Red Crescent Society Somalia Office
2026-07-22 15:21:24.288 | DEBUG    | __main__:read_docx:201 - DOCX: Technical Proposal - PRF 29110 18 Nov 2025.docx → 37199 chars
2026-07-22 15:21:34.266 | DEBUG    | __main__:extract_proposal_info:413 - Extracted proposal: Endline Evaluation of Continuity in Crisis Project
2026-07-22 15:21:47.322 | DEBUG    | __main__:read_docx:201 - DOCX: Technical Proposal - PRF29115 18 Nov 2025.docx → 33712 chars
2026-07-22 15:21:56.184 | DEBUG    | __main__:extract_proposal_info:413 - Extracted proposal: End-Term Evaluation of the Resilience, Health and Rights Project
2026-07-22 15:22:13.253 | DEBUG    | __main__:read_docx:201 - DOCX: Technical Proposal CARE.docx → 89725 chars
2026-07-22 15:22:22.946 | DEBUG    | __main__:extract_proposal_info:413 - Extracted proposal: Third Party Monitoring Consultancy for the Girls' Education Accelerator (GEA) Program
2026-07-22 15:22:35.026 | DEBUG    | __main__:read_docx:201 - DOCX: Technical Proposal Cortech to C40 Ethiopia.docx → 104074 chars
2026-07-22 15:22:44.006 | DEBUG    | __main__:extract_proposal_info:413 - Extracted proposal: Strengthening Urban Climate Resilience through Climate Risk Assessment and Community Action in Addis Ababa
2026-07-22 15:22:47.165 | DEBUG    | __main__:read_docx:201 - DOCX: Technical Proposal Cortech to GIZ.docx → 106296 chars
2026-07-22 15:22:56.294 | DEBUG    | __main__:extract_proposal_info:413 - Extracted proposal: Strengthening Climate-Resilient and Competitive Agricultural Development through Policy Support and Quality Assurance in Somalia (SPQA-II Project)
2026-07-22 15:23:23.367 | DEBUG    | __main__:read_docx:201 - DOCX: Technical Proposal Cortech to Kituo Cha Sheria.docx → 100266 chars
2026-07-22 15:23:31.701 | DEBUG    | __main__:extract_proposal_info:413 - Extracted proposal: Refugee Labour Market Study and Strategic Advocacy Support
2026-07-22 15:23:44.125 | DEBUG    | __main__:read_docx:201 - DOCX: Technical Proposal Forms 27 Jan 2026.docx → 328236 chars
2026-07-22 15:23:53.229 | DEBUG    | __main__:extract_proposal_info:413 - Extracted proposal: Community Early Warning and Disaster Risk Reduction (DRR) Training Support
2026-07-22 15:24:02.190 | DEBUG    | __main__:read_docx:201 - DOCX: Technical Proposal GAIN.docx → 35298 chars
2026-07-22 15:24:11.251 | DEBUG    | __main__:extract_proposal_info:413 - Extracted proposal: Data Collection on Child and Adolescent Centred Nutrition Indicators (CAN-I) in Kenya
2026-07-22 15:24:25.265 | DEBUG    | __main__:read_docx:201 - DOCX: Technical Proposal GREDO.docx → 81083 chars
2026-07-22 15:30:44.788 | DEBUG    | __main__:extract_proposal_info:413 - Extracted proposal: Documentation of Best Practices and Lessons Learnt under the Green Skills for Sustainable Employment Opportunities Intervention in Baidoa, Somalia
2026-07-23 08:08:20.132 | DEBUG    | __main__:read_docx:201 - DOCX: TECHNICAL PROPOSAL CEF-RFP-01.docx → 77485 chars
2026-07-23 08:08:30.935 | DEBUG    | __main__:extract_proposal_info:413 - Extracted proposal: Monitoring, Evaluation, and Learning Partner for the Somali Civic Engagement Facility
2026-07-23 08:08:35.097 | DEBUG    | __main__:read_docx:201 - DOCX: TECHNICAL PROPOSAL HI Kenya.docx → 72578 chars
2026-07-23 08:08:43.554 | DEBUG    | __main__:extract_proposal_info:413 - Extracted proposal: Provision of Consultancy Services to undertake Agritech landscape study in Kenya (AYuTe Africa Challenge)
2026-07-23 08:08:46.970 | DEBUG    | __main__:read_docx:201 - DOCX: TECHNICAL_PROPOSAL_CEF-RFP-01_Monitoring_Evaluation_and_Learning_Partner_for_the_Somali_Civic_Engagement_Facility_FINAL.docx → 130285 chars
2026-07-23 08:08:59.169 | DEBUG    | __main__:extract_proposal_info:413 - Extracted proposal: Monitoring, Evaluation, and Learning Partner for the Somali Civic Engagement Facility
2026-07-23 08:09:03.180 | DEBUG    | __main__:read_docx:201 - DOCX: Technical Proposal - Internal Audit.docx → 40258 chars
2026-07-23 08:09:12.295 | DEBUG    | __main__:extract_proposal_info:413 - Extracted proposal: Internal Audit of Qatar Red Crescent Society Somalia Office
2026-07-23 08:09:57.877 | DEBUG    | __main__:read_docx:201 - DOCX: Technical Proposal - PRF 29110 18 Nov 2025.docx → 37199 chars
2026-07-23 08:10:06.388 | DEBUG    | __main__:extract_proposal_info:413 - Extracted proposal: Endline Evaluation of the Continuity in Crisis Project
2026-07-23 08:10:10.086 | DEBUG    | __main__:read_docx:201 - DOCX: Technical Proposal - PRF29115 18 Nov 2025.docx → 33712 chars
2026-07-23 08:10:20.785 | DEBUG    | __main__:extract_proposal_info:413 - Extracted proposal: End-Term Evaluation of the Resilience, Health and Rights Project
2026-07-23 08:10:29.147 | DEBUG    | __main__:read_docx:201 - DOCX: Technical Proposal CARE.docx → 89725 chars
2026-07-23 08:10:37.804 | DEBUG    | __main__:extract_proposal_info:413 - Extracted proposal: Third Party Monitoring Consultancy for the Girls' Education Accelerator (GEA) Program
2026-07-23 08:10:44.143 | DEBUG    | __main__:read_docx:201 - DOCX: Technical Proposal Cortech to C40 Ethiopia.docx → 104074 chars
2026-07-23 08:10:52.298 | DEBUG    | __main__:extract_proposal_info:413 - Extracted proposal: Strengthening Urban Climate Resilience through Climate Risk Assessment and Community Action in Addis Ababa
2026-07-23 08:10:58.365 | DEBUG    | __main__:read_docx:201 - DOCX: Technical Proposal Cortech to GIZ.docx → 106296 chars
2026-07-23 08:11:09.559 | DEBUG    | __main__:extract_proposal_info:413 - Extracted proposal: Strengthening Climate-Resilient and Competitive Agricultural Development through Policy Support and Quality Assurance in Somalia (SPQA-II Project)
2026-07-23 08:11:52.688 | DEBUG    | __main__:read_docx:201 - DOCX: Technical Proposal Cortech to Kituo Cha Sheria.docx → 100266 chars
2026-07-23 08:12:01.740 | DEBUG    | __main__:extract_proposal_info:413 - Extracted proposal: Refugee Labour Market Study and Strategic Advocacy Support
2026-07-23 08:12:19.571 | DEBUG    | __main__:read_docx:201 - DOCX: Technical Proposal Forms 27 Jan 2026.docx → 328236 chars
2026-07-23 08:12:28.765 | DEBUG    | __main__:extract_proposal_info:413 - Extracted proposal: Community Early Warning and Disaster Risk Reduction (DRR) Training Support
2026-07-23 08:12:36.780 | DEBUG    | __main__:read_docx:201 - DOCX: Technical Proposal GAIN.docx → 35298 chars
2026-07-23 08:12:45.590 | DEBUG    | __main__:extract_proposal_info:413 - Extracted proposal: Data Collection on Child and Adolescent Centred Nutrition Indicators (CAN-I) in Kenya
2026-07-23 08:12:50.448 | DEBUG    | __main__:read_docx:201 - DOCX: Technical Proposal GREDO.docx → 81083 chars
2026-07-23 08:12:59.475 | DEBUG    | __main__:extract_proposal_info:413 - Extracted proposal: Documentation of Best Practices and Lessons Learnt under the Green Skills for Sustainable Employment Opportunities Intervention in Baidoa, Somalia
2026-07-23 08:13:04.268 | DEBUG    | __main__:read_docx:201 - DOCX: Technical Proposal IGAD.docx → 117302 chars
2026-07-23 08:13:13.727 | DEBUG    | __main__:extract_proposal_info:413 - Extracted proposal: End-of-Project Evaluation of the 'Improving Land Governance in the IGAD Region' Programme (Phase II)
2026-07-23 08:13:19.624 | DEBUG    | __main__:read_docx:201 - DOCX: Technical Proposal IOM 18 Nov 2025.docx → 78269 chars
2026-07-23 08:13:30.299 | DEBUG    | __main__:extract_proposal_info:413 - Extracted proposal: Clan Dynamics in Baidoa Research Study
2026-07-23 08:13:37.803 | DEBUG    | __main__:read_docx:201 - DOCX: Technical Proposal IOM.docx → 78269 chars
2026-07-23 08:13:47.681 | DEBUG    | __main__:extract_proposal_info:413 - Extracted proposal: Clan Dynamics in Baidoa Research Study
2026-07-23 08:13:52.212 | DEBUG    | __main__:read_docx:201 - DOCX: Technical Proposal KENHA.docx → 53120 chars
2026-07-23 08:14:02.979 | DEBUG    | __main__:extract_proposal_info:413 - Extracted proposal: Consultancy Services for Awareness, Prevention and Training on HIV/AIDS, Drug Abuse and Gender Mainstreaming (Kobo-Elwak Road Project)
2026-07-23 08:14:13.167 | DEBUG    | __main__:read_docx:201 - DOCX: Technical Proposal SCI.docx → 81483 chars
2026-07-23 08:14:25.450 | DEBUG    | __main__:extract_proposal_info:413 - Extracted proposal: Endline Evaluation of the SOM_DANIDA SPA 2022–2025 Programme (Lot HUM and Lot CIV)
2026-07-23 08:14:31.767 | DEBUG    | __main__:read_docx:201 - DOCX: Technical Proposal ZIZI Afrique.docx → 71728 chars
2026-07-23 08:14:43.137 | DEBUG    | __main__:extract_proposal_info:413 - Extracted proposal: Consultancy Services to Develop a Comprehensive M&E Framework and Document Key Achievements and Impact Stories under the Unlocking Data Initiative
2026-07-23 08:14:47.944 | DEBUG    | __main__:read_docx:201 - DOCX: Technical Proposal _Cortech_9_April.docx → 62781 chars
2026-07-23 08:14:55.241 | DEBUG    | __main__:extract_proposal_info:413 - Extracted proposal: Consultancy for Development of a Comprehensive Digital Governance Policy & SOP Framework
2026-07-23 08:14:58.982 | DEBUG    | __main__:read_docx:201 - DOCX: Technical Proposal for LLINs.docx → 56884 chars
2026-07-23 08:15:10.379 | DEBUG    | __main__:extract_proposal_info:413 - Extracted proposal: LLINs Ownership and Use Assessment in Somalia and Somaliland
2026-07-23 08:15:17.381 | DEBUG    | __main__:read_docx:201 - DOCX: Technical Proposal to PACIDA.docx → 45640 chars
2026-07-23 08:15:27.113 | DEBUG    | __main__:extract_proposal_info:413 - Extracted proposal: Provision of Consultancy Services for Final Evaluation - Emergency Relief and Anticipatory Humanitarian Action for Victims of Climate-Related Disasters in Somalia, Northern Kenya, and Southern Ethiopia
2026-07-23 08:15:33.271 | DEBUG    | __main__:read_docx:201 - DOCX: Technical Proposal to WHH 2.docx → 66528 chars
2026-07-23 08:15:44.129 | DEBUG    | __main__:extract_proposal_info:413 - Extracted proposal: Feasibility Study of Strengthening Resilient and Inclusive Food Systems Project (SIAGER) in Kenya's Arid Marsabit County
2026-07-23 08:15:47.247 | ERROR    | __main__:run_proposal_population:967 - Proposal processing error for Technical Proposal to WHH 2.docx
Traceback (most recent call last):

  File "/home/sharahbill/cortech-bd-agent/populate_airtable.py", line 1095, in <module>
    main()
    └ <function main at 0x7ded85578540>

  File "/home/sharahbill/cortech-bd-agent/populate_airtable.py", line 1088, in main
    prop_results = run_proposal_population(tables, claude, interactive)
                   │                       │       │       └ True
                   │                       │       └ <anthropic.Anthropic object at 0x7ded85209250>
                   │                       └ {'consultants': <Table base='app2zoGNoagY5eLht' name='CONSULTANTS'>, 'past_proposals': <Table base='app2zoGNoagY5eLht' name='...
                   └ <function run_proposal_population at 0x7ded85578400>

> File "/home/sharahbill/cortech-bd-agent/populate_airtable.py", line 946, in run_proposal_population
    record_id = add_proposal_to_airtable(
                └ <function add_proposal_to_airtable at 0x7ded8556bec0>

  File "/home/sharahbill/cortech-bd-agent/populate_airtable.py", line 569, in add_proposal_to_airtable
    "year": int(proposal_info.get("year", datetime.now().year)),
                │             │           │        └ <method 'now' of 'datetime.datetime' objects>
                │             │           └ <class 'datetime.datetime'>
                │             └ <method 'get' of 'dict' objects>
                └ {'project_title': "Feasibility Study of Strengthening Resilient and Inclusive Food Systems Project (SIAGER) in Kenya's Arid M...

TypeError: int() argument must be a string, a bytes-like object or a real number, not 'NoneType'
2026-07-23 08:15:47.355 | DEBUG    | __main__:read_docx:201 - DOCX: Technical Proposal, CORTEC.docx → 15294 chars
2026-07-23 08:15:56.063 | DEBUG    | __main__:extract_proposal_info:413 - Extracted proposal: Survey of applicable expert remuneration fees in comparable organizations in Somalia
2026-07-23 08:16:00.066 | DEBUG    | __main__:read_docx:201 - DOCX: Technical Proposal-Kenya Survey CORTEC.docx → 12158 chars
2026-07-23 08:16:07.246 | DEBUG    | __main__:extract_proposal_info:413 - Extracted proposal: Survey of applicable expert remuneration fees in comparable organizations in Kenya
2026-07-23 08:16:11.293 | DEBUG    | __main__:read_docx:201 - DOCX: Technical Proposal.docx → 82976 chars
2026-07-23 08:16:19.996 | DEBUG    | __main__:extract_proposal_info:413 - Extracted proposal: Kenya Livestock Marketing and Resilience Project (KLMP) Annual Outcome Monitoring Survey Consultancy – FY26
2026-07-23 08:16:33.635 | DEBUG    | __main__:read_pdf:170 - PDF: Technical Proposal_ Research and Learning for Pathway to Prosperity Project (8).pdf → 223122 chars
2026-07-23 08:16:45.657 | DEBUG    | __main__:extract_proposal_info:413 - Extracted proposal: Research and Learning for the Pathway to Prosperity Project
2026-07-23 08:16:54.477 | DEBUG    | __main__:read_pdf:170 - PDF: Technical Proposal_Endline Evaluation_KEN1202.pdf → 90233 chars
2026-07-23 08:17:03.565 | DEBUG    | __main__:extract_proposal_info:413 - Extracted proposal: Endline Evaluation of the Chukua Control, Civil Society Empowerment for improved service delivery in rural areas of Kenya
2026-07-23 08:17:13.844 | DEBUG    | __main__:read_docx:201 - DOCX: Technical Proposal_Somalia EIE Consultancy (3).docx → 104394 chars
2026-07-23 08:17:21.722 | DEBUG    | __main__:extract_proposal_info:413 - Extracted proposal: Somalia Education In Emergencies Anticipatory Action Consultancy – Education Cannot Wait Pilot Programme
2026-07-23 08:17:25.126 | DEBUG    | __main__:read_docx:201 - DOCX: Technicap Proposal Concern WorldWide 6 November 2025.docx → 73335 chars
2026-07-23 08:17:35.615 | DEBUG    | __main__:extract_proposal_info:413 - Extracted proposal: Endline Evaluation of the EU–NEGAAD Project: Supporting Climate Adaptation and Durable Solutions for Displacement-Affected Communities in the Shabelle River Basin, Afgoye District
2026-07-23 08:17:39.925 | DEBUG    | __main__:read_docx:201 - DOCX: Tehnical Proposal KRCS2.docx → 58491 chars
2026-07-23 08:17:49.053 | DEBUG    | __main__:extract_proposal_info:413 - Extracted proposal: End-Term Evaluation for Prevention and Awareness-Raising on Gender-Based Violence (GBV) in Samburu, Bungoma and Kilifi Counties, Kenya
2026-07-23 08:18:04.813 | DEBUG    | __main__:read_docx:201 - DOCX: UK PACT Project Technical Proposal Template.docx → 51438 chars
2026-07-23 08:18:17.046 | DEBUG    | __main__:extract_proposal_info:413 - Extracted proposal: Scaling Up Smallholder Agroforestry Production and Nature-Based Enterprises in Kenya
2026-07-23 08:18:21.036 | DEBUG    | __main__:read_docx:201 - DOCX: UNICEF CONCEPT NOTE BY CORTECH.docx → 69049 chars
2026-07-23 08:18:30.318 | DEBUG    | __main__:extract_proposal_info:413 - Extracted proposal: Enhancing Integrated Health, Nutrition, and WASH Services for Child Survival in Bu'aale District, Middle Juba Region
2026-07-23 08:18:33.340 | DEBUG    | __main__:read_docx:201 - DOCX: WHH TECHNICAL PROPOSAL.docx → 42649 chars
2026-07-23 08:18:41.873 | DEBUG    | __main__:extract_proposal_info:413 - Extracted proposal: Provision of Consultancy Services for Midline Evaluation in Kilifi and Tana River Counties
2026-08-06 12:49:46.834 | DEBUG    | __main__:read_docx:201 - DOCX: ABDULLAHI I. MOHAMED-- Executive Director.docx → 9322 chars
2026-08-06 12:49:55.856 | DEBUG    | __main__:extract_cv_info:336 - Extracted CV: Abdullahi I. Mohamed
2026-08-06 12:50:26.223 | DEBUG    | __main__:read_docx:201 - DOCX: AHMED ADAN HASSAN--development , education.docx → 12353 chars
2026-08-06 12:50:34.643 | DEBUG    | __main__:extract_cv_info:336 - Extracted CV: Ahmed Adan Hassan
2026-08-06 12:50:45.221 | DEBUG    | __main__:read_docx:201 - DOCX: Abdifitah diis-- team leader, education.docx → 12205 chars
2026-08-06 12:50:54.544 | DEBUG    | __main__:extract_cv_info:336 - Extracted CV: Abdifatah Diis
2026-08-06 12:51:56.443 | DEBUG    | __main__:read_docx:201 - DOCX: Abdifitah hussein aden--enviromental health.docx → 11104 chars
2026-08-06 12:52:04.830 | DEBUG    | __main__:extract_cv_info:336 - Extracted CV: Abdifatah Aden Hussein
2026-08-06 12:52:15.191 | DEBUG    | __main__:read_docx:201 - DOCX: Abdikadir Adan Hussein--project planing.docx → 10820 chars
2026-08-06 12:52:24.421 | DEBUG    | __main__:extract_cv_info:336 - Extracted CV: Abdikadir Adan Hussein
2026-08-06 12:52:35.992 | DEBUG    | __main__:read_docx:201 - DOCX: Abdiladif Ahmed--climate change.docx → 12206 chars
2026-08-06 12:52:43.322 | DEBUG    | __main__:extract_cv_info:336 - Extracted CV: Abdiladif Ahmed Haret
2026-08-06 12:52:48.404 | DEBUG    | __main__:read_docx:201 - DOCX: Abdirahman Mohamed Aden-- business and project planing.docx → 10757 chars
2026-08-06 12:52:58.783 | DEBUG    | __main__:extract_cv_info:336 - Extracted CV: Abdirahman Mohamed Aden
2026-08-06 12:53:27.906 | DEBUG    | __main__:read_docx:201 - DOCX: Abdirahman S Maalim--finance-consultanat.docx → 5962 chars
2026-08-06 12:53:33.935 | DEBUG    | __main__:extract_cv_info:336 - Extracted CV: Abdirahman S. Maalim
2026-08-06 12:53:57.568 | DEBUG    | __main__:read_docx:201 - DOCX: Aden Diis --law, legal and policy.docx → 9854 chars
2026-08-06 12:54:05.687 | DEBUG    | __main__:extract_cv_info:336 - Extracted CV: Aden Diis
2026-08-06 12:54:19.217 | DEBUG    | __main__:read_docx:201 - DOCX: Ahmed Hassan Feer-- water enginner.docx → 8748 chars
2026-08-06 12:54:27.738 | DEBUG    | __main__:extract_cv_info:336 - Extracted CV: Ahmed Hassan Feer
2026-08-06 12:54:37.947 | DEBUG    | __main__:read_docx:201 - DOCX: Akama Maiko Erick- Economist.docx → 8664 chars
2026-08-06 12:54:46.758 | DEBUG    | __main__:extract_cv_info:336 - Extracted CV: Akama Maiko Erick
2026-08-06 12:54:48.442 | DEBUG    | __main__:read_docx:201 - DOCX: Alexander wainaina njeru--finance.docx → 18958 chars
2026-08-06 12:54:57.686 | DEBUG    | __main__:extract_cv_info:336 - Extracted CV: Alexander Wainaina Njeru
2026-08-06 12:55:00.359 | DEBUG    | __main__:read_docx:201 - DOCX: Amina aden--climate change.docx → 6144 chars
2026-08-06 12:55:08.330 | DEBUG    | __main__:extract_cv_info:336 - Extracted CV: Amina Aden Maalim
2026-08-06 12:57:04.732 | DEBUG    | __main__:read_docx:201 - DOCX: ABDULLAHI I. MOHAMED-- Executive Director.docx → 9322 chars
2026-08-06 12:57:13.568 | DEBUG    | __main__:extract_cv_info:336 - Extracted CV: Abdullahi I. Mohamed
2026-08-06 12:57:16.789 | DEBUG    | __main__:read_docx:201 - DOCX: AHMED ADAN HASSAN--development , education.docx → 12353 chars
2026-08-06 12:57:25.361 | DEBUG    | __main__:extract_cv_info:336 - Extracted CV: Ahmed Adan Hassan
2026-08-06 12:57:29.441 | DEBUG    | __main__:read_docx:201 - DOCX: Abdifitah diis-- team leader, education.docx → 12205 chars
2026-08-06 12:57:38.040 | DEBUG    | __main__:extract_cv_info:336 - Extracted CV: Abdifatah Diis
2026-08-06 12:57:42.149 | DEBUG    | __main__:read_docx:201 - DOCX: Abdifitah hussein aden--enviromental health.docx → 11104 chars
2026-08-06 12:57:50.771 | DEBUG    | __main__:extract_cv_info:336 - Extracted CV: Abdifatah Aden Hussein
2026-08-06 12:58:24.703 | DEBUG    | __main__:read_docx:201 - DOCX: Abdikadir Adan Hussein--project planing.docx → 10820 chars
2026-08-06 12:58:34.465 | DEBUG    | __main__:extract_cv_info:336 - Extracted CV: Abdikadir Adan Hussein
2026-08-06 12:58:37.974 | DEBUG    | __main__:read_docx:201 - DOCX: Abdiladif Ahmed--climate change.docx → 12206 chars
2026-08-06 12:58:44.805 | DEBUG    | __main__:extract_cv_info:336 - Extracted CV: Abdiladif Ahmed Haret
2026-08-06 12:58:49.163 | DEBUG    | __main__:read_docx:201 - DOCX: Abdirahman Mohamed Aden-- business and project planing.docx → 10757 chars
2026-08-06 12:58:56.828 | DEBUG    | __main__:extract_cv_info:336 - Extracted CV: Abdirahman Mohamed Aden
2026-08-06 12:58:59.939 | DEBUG    | __main__:read_docx:201 - DOCX: Abdirahman S Maalim--finance-consultanat.docx → 5962 chars
2026-08-06 12:59:07.524 | DEBUG    | __main__:extract_cv_info:336 - Extracted CV: Abdirahman S. Maalim
2026-08-06 12:59:43.676 | DEBUG    | __main__:read_docx:201 - DOCX: Aden Diis --law, legal and policy.docx → 9854 chars
2026-08-06 12:59:51.457 | DEBUG    | __main__:extract_cv_info:336 - Extracted CV: Aden Diis
2026-08-06 12:59:58.027 | DEBUG    | __main__:read_docx:201 - DOCX: Ahmed Hassan Feer-- water enginner.docx → 8748 chars
2026-08-06 13:00:06.935 | DEBUG    | __main__:extract_cv_info:336 - Extracted CV: Ahmed Hassan Feer
2026-08-06 13:00:25.603 | DEBUG    | __main__:read_docx:201 - DOCX: Akama Maiko Erick- Economist.docx → 8664 chars
2026-08-06 13:00:36.017 | DEBUG    | __main__:extract_cv_info:336 - Extracted CV: Akama Maiko Erick
2026-08-06 13:00:49.045 | DEBUG    | __main__:read_docx:201 - DOCX: Alexander wainaina njeru--finance.docx → 18958 chars
2026-08-06 13:00:58.342 | DEBUG    | __main__:extract_cv_info:336 - Extracted CV: Alexander Wainaina Njeru
2026-08-06 13:01:01.458 | DEBUG    | __main__:read_docx:201 - DOCX: Amina aden--climate change.docx → 6144 chars
2026-08-06 13:01:08.606 | DEBUG    | __main__:extract_cv_info:336 - Extracted CV: Amina Aden Maalim
2026-08-06 13:01:13.109 | DEBUG    | __main__:read_docx:201 - DOCX: BEATRICE ngendo--veternary researcher.docx → 9585 chars
2026-08-06 13:01:24.760 | DEBUG    | __main__:extract_cv_info:336 - Extracted CV: Beatrice Ngendo Nyaga
2026-08-06 13:01:34.733 | DEBUG    | __main__:read_docx:201 - DOCX: Ceyn Jamaa Mahmud-- public health- nutrition.docx → 3401 chars
2026-08-06 13:01:41.759 | DEBUG    | __main__:extract_cv_info:336 - Extracted CV: Ceyn Jamaa Mahmud
2026-08-06 13:02:42.113 | DEBUG    | __main__:read_docx:201 - DOCX: Charles Gikanga Kamau--civil engineer.docx → 36363 chars
2026-08-06 13:02:53.123 | DEBUG    | __main__:extract_cv_info:336 - Extracted CV: Charles Gikanga Kamau
2026-08-06 13:03:09.704 | DEBUG    | __main__:read_docx:201 - DOCX: Dr Christopher Njuguna Kamau- Researcher.docx → 11483 chars
2026-08-06 13:03:20.392 | DEBUG    | __main__:extract_cv_info:336 - Extracted CV: Dr Christopher Njuguna Kamau
2026-08-06 13:03:23.980 | DEBUG    | __main__:read_docx:201 - DOCX: Dr mohamed mohamud yusuf -- veternity and economics..docx → 22716 chars
2026-08-06 13:03:32.829 | DEBUG    | __main__:extract_cv_info:336 - Extracted CV: Dr Mohamed Muhumed Yussuf
2026-08-06 13:03:44.721 | DEBUG    | __main__:read_docx:201 - DOCX: Dr. Catherine Minayo Chegero--public policy.docx → 13200 chars
2026-08-06 13:03:55.687 | DEBUG    | __main__:extract_cv_info:336 - Extracted CV: Dr. Catherine Minayo Chegero
2026-08-06 13:03:59.164 | DEBUG    | __main__:read_docx:201 - DOCX: Dr. HudsonArcoustav Aluvanze-- Team Leader.docx → 11246 chars
2026-08-06 13:04:07.881 | DEBUG    | __main__:extract_cv_info:336 - Extracted CV: Dr. HudsonArcoustav Aluvanze
2026-08-06 13:04:17.361 | DEBUG    | __main__:read_docx:201 - DOCX: Edwin Aldrin Adenya--Agriculture field.docx → 20522 chars
2026-08-06 13:04:25.471 | DEBUG    | __main__:extract_cv_info:336 - Extracted CV: Edwin Aldrin Adenya
2026-08-06 13:04:31.931 | DEBUG    | __main__:read_docx:201 - DOCX: Elizabeth CV Malawi--Agriculture Economics World Bank Format.docx → 38938 chars
2026-08-06 13:04:42.194 | DEBUG    | __main__:extract_cv_info:336 - Extracted CV: Elizabeth MANDA
2026-08-06 13:04:45.914 | DEBUG    | __main__:read_docx:201 - DOCX: Eng. George, PE Otula--electrical eng.docx → 9250 chars
2026-08-06 13:04:54.175 | DEBUG    | __main__:extract_cv_info:336 - Extracted CV: Eng. George, PE Otula
2026-08-06 13:05:01.272 | DEBUG    | __main__:read_docx:201 - DOCX: ISMAIL  ARALE  ALI --law.docx → 7218 chars
2026-08-06 13:05:08.716 | DEBUG    | __main__:extract_cv_info:336 - Extracted CV: Ismail Arale Ali
2026-08-06 13:05:13.742 | DEBUG    | __main__:read_docx:201 - DOCX: Ian Luke-Data expert.docx → 14157 chars
2026-08-06 13:05:24.474 | DEBUG    | __main__:extract_cv_info:336 - Extracted CV: Ian Luke Munyovi
2026-08-06 13:05:31.107 | DEBUG    | __main__:read_docx:201 - DOCX: Ibrahim muhumud--social impact and enviromental..docx → 13726 chars
2026-08-06 13:05:40.900 | DEBUG    | __main__:extract_cv_info:336 - Extracted CV: Ibrahim Muhumed
2026-08-06 13:05:52.040 | DEBUG    | __main__:read_docx:201 - DOCX: Kamuzhanje Joseph--Development planning.docx → 4764 chars
2026-08-06 13:05:59.471 | DEBUG    | __main__:extract_cv_info:336 - Extracted CV: Kamuzhanje Joseph
2026-08-06 13:06:03.751 | DEBUG    | __main__:read_docx:201 - DOCX: LAWRENCE KIMATHI KAARIA--ICT Specialist.docx → 16991 chars
2026-08-06 13:06:13.757 | DEBUG    | __main__:extract_cv_info:336 - Extracted CV: Lawrence Kimathi Kaaria
2026-08-06 13:06:17.504 | DEBUG    | __main__:read_docx:201 - DOCX: MOHAMED HASSAN BOYA-- geophysicist.docx → 6757 chars
2026-08-06 13:06:24.064 | DEBUG    | __main__:extract_cv_info:336 - Extracted CV: Mohamed Hassan Boya
2026-08-06 13:06:27.612 | DEBUG    | __main__:read_docx:201 - DOCX: Mr. Mishael M. Wambua--law, legal.docx → 6578 chars
2026-08-06 13:06:37.307 | DEBUG    | __main__:extract_cv_info:336 - Extracted CV: Mr. Mishael M. Wambua
2026-08-06 13:06:43.782 | DEBUG    | __main__:read_docx:201 - DOCX: Mugove kwashirai chakurira-- consultance.docx → 5473 chars
2026-08-06 13:06:53.225 | DEBUG    | __main__:extract_cv_info:336 - Extracted CV: Mugove Kwashirai Chakurira
2026-08-06 13:06:57.644 | DEBUG    | __main__:read_docx:201 - DOCX: Nyasha Memory Chidau-- gender equality.docx → 11004 chars
2026-08-06 13:07:07.649 | DEBUG    | __main__:extract_cv_info:336 - Extracted CV: Nyasha Memory Chidau
2026-08-06 13:07:22.021 | DEBUG    | __main__:read_docx:201 - DOCX: PAUL GITONGA --COMMUNICATION.docx → 6650 chars
2026-08-06 13:07:27.932 | DEBUG    | __main__:extract_cv_info:336 - Extracted CV: Paul Gitobu Gitonga
2026-08-06 13:07:53.068 | DEBUG    | __main__:read_docx:201 - DOCX: PAUL KOGO--WATER eng.docx → 13564 chars
2026-08-06 13:08:03.518 | DEBUG    | __main__:extract_cv_info:336 - Extracted CV: Eng. Paul Kogo
2026-08-06 13:08:07.970 | DEBUG    | __main__:read_docx:201 - DOCX: Quresha Abdullahi Ahmed--HR.docx → 9103 chars
2026-08-06 13:08:15.963 | DEBUG    | __main__:extract_cv_info:336 - Extracted CV: Quresha Abdullahi Ahmed
2026-08-06 13:08:18.615 | DEBUG    | __main__:read_docx:201 - DOCX: RITTAH- marketing and communications.docx → 8882 chars
2026-08-06 13:08:25.883 | DEBUG    | __main__:extract_cv_info:336 - Extracted CV: Rittah Vickie Okello
2026-08-06 13:08:29.336 | DEBUG    | __main__:read_docx:201 - DOCX: Salahweli harun abdi-Data analytics.docx → 7855 chars
2026-08-06 13:08:38.906 | DEBUG    | __main__:extract_cv_info:336 - Extracted CV: Salahweli Harun Abdi
2026-08-06 13:08:41.740 | DEBUG    | __main__:read_docx:201 - DOCX: Suleiman Ahmed Osman-- PUBLIC HEALTH.docx → 10608 chars
2026-08-06 13:08:50.653 | DEBUG    | __main__:extract_cv_info:336 - Extracted CV: Suleiman Ahmed Osman
2026-08-06 13:09:11.716 | DEBUG    | __main__:read_docx:201 - DOCX: YAHYA M. DAHIYE- art, political and voilonce.docx → 9499 chars
2026-08-06 13:09:21.742 | DEBUG    | __main__:extract_cv_info:336 - Extracted CV: Yahya M. Dahiye
2026-08-06 13:09:25.020 | DEBUG    | __main__:read_docx:201 - DOCX: YASMIN FARAH SHEIKH MOHAMED-- social science.docx → 10655 chars
2026-08-06 13:09:33.224 | DEBUG    | __main__:extract_cv_info:336 - Extracted CV: Yasmin Farah Sheikh Mohamed
2026-08-06 13:09:35.965 | DEBUG    | __main__:read_docx:201 - DOCX: Yusuf abdi malim--environmental.docx → 9597 chars
2026-08-06 13:09:42.315 | DEBUG    | __main__:extract_cv_info:336 - Extracted CV: Yussuf Abdi Maalim
2026-08-06 13:09:51.432 | DEBUG    | __main__:read_docx:201 - DOCX: Zainab Mohammed Hussein--financial and audit specalist.docx → 5113 chars
2026-08-06 13:09:57.742 | DEBUG    | __main__:extract_cv_info:336 - Extracted CV: Zainab Mohammed Hussein
2026-08-06 13:10:00.290 | DEBUG    | __main__:read_docx:201 - DOCX: abdirahman mohamed- Senior Monitoring and Evaluation Specialist.docx → 9001 chars
2026-08-06 13:10:08.005 | DEBUG    | __main__:extract_cv_info:336 - Extracted CV: Abdirahman Mohamed Aden
2026-08-06 13:10:10.930 | DEBUG    | __main__:read_docx:201 - DOCX: abdirahman mohamed- Senior Monitoring and Evaluation.docx → 8756 chars
2026-08-06 13:10:18.878 | DEBUG    | __main__:extract_cv_info:336 - Extracted CV: Abdirahman Mohamed Aden
2026-08-06 13:10:47.511 | DEBUG    | __main__:read_docx:201 - DOCX: 20241003_Cortech Consulting Group_Technical Proposal_TDH.docx → 17673 chars
2026-08-06 13:10:57.996 | DEBUG    | __main__:extract_proposal_info:413 - Extracted proposal: End of Project Evaluation for Scaling Up of Activities Related to Prevention and Treatment of Malnourished Children <5Y, Pregnant & Lactating Women in Three Sub Counties of Garissa County
2026-08-06 13:11:38.864 | DEBUG    | __main__:read_pdf:170 - PDF: 20250317_Cortech Consulting_ Somali EAC Intergration Proposal.pdf → 25298 chars
2026-08-06 13:11:51.151 | DEBUG    | __main__:extract_proposal_info:413 - Extracted proposal: Supporting Somalia's Integration into the East Africa Community
2026-08-06 13:12:11.262 | DEBUG    | __main__:read_docx:201 - DOCX: Annex 1 - Inv for Proposals CPD 2026 2030 - UNFPA Somalia.docx → 45378 chars
2026-08-06 13:12:19.586 | DEBUG    | __main__:extract_proposal_info:413 - Extracted proposal: Integrated Reproductive Health and Gender-Based Violence Response and Empowerment Programme for Women and Girls in Conflict-Affected Areas of Hirshabelle and South West States, Somalia
2026-08-06 13:12:48.137 | DEBUG    | __main__:read_pdf:170 - PDF: Cortech-Technical Proposal.pdf → 481145 chars
2026-08-06 13:12:56.315 | DEBUG    | __main__:extract_proposal_info:413 - Extracted proposal: Independent Evaluation of the Sida-Funded Sub-Saharan Africa Energy Access Programme (REACT SSA)
2026-08-06 13:13:31.757 | DEBUG    | __main__:read_docx:201 - DOCX: DRC TECHNICAL PROPOSAL.docx → 38516 chars
2026-08-06 13:13:42.016 | DEBUG    | __main__:extract_proposal_info:413 - Extracted proposal: Provision of Business Development, Strategy and Program Design Services
2026-08-06 13:14:04.680 | DEBUG    | __main__:read_docx:201 - DOCX: Expresion of Interest - Cortech Isebania.docx → 28490 chars
2026-08-06 13:14:14.974 | DEBUG    | __main__:extract_proposal_info:413 - Extracted proposal: Consultancy Services for Supervision of Construction of Intake Improvement Works for Migori & Isebania Towns Water Supply System and Ugunja Last Mile Connectivity Project
2026-08-06 13:14:29.580 | DEBUG    | __main__:read_docx:201 - DOCX: Expresion of Interest - Cortech Nandi Hills.docx → 28459 chars
2026-08-06 13:14:40.940 | DEBUG    | __main__:extract_proposal_info:413 - Extracted proposal: Consultancy Services for Supervision of Construction Works for Last Mile Connectivity for Nandi Hills, Kilgoris and Lolgorian Towns Water Supply Project
2026-08-06 13:14:48.580 | DEBUG    | __main__:read_docx:201 - DOCX: Expresion of Interest - Cortech.docx → 42338 chars
2026-08-06 13:14:56.253 | DEBUG    | __main__:extract_proposal_info:413 - Extracted proposal: Consulting Services for the Development of Guidelines for Harmonized Licensing Procedures and Fees for the County Governments
2026-08-06 13:15:02.213 | DEBUG    | __main__:read_docx:201 - DOCX: Funding Proposal - HIDIG Relief and Development Organization.docx → 29879 chars
2026-08-06 13:15:12.238 | DEBUG    | __main__:extract_proposal_info:413 - Extracted proposal: Roots of Resilience: Community-Led Prevention of Violent Extremism in Baay and Bakool, Somalia
2026-08-06 13:15:28.935 | DEBUG    | __main__:read_docx:201 - DOCX: RACIDA TECHNICAL PROPOSAL.docx → 26066 chars
2026-08-06 13:15:37.775 | DEBUG    | __main__:extract_proposal_info:413 - Extracted proposal: Provision of Consultancy Services for Endline Evaluation in Mandera Under RACIDA's IRR Project
2026-08-06 13:15:51.180 | DEBUG    | __main__:read_docx:201 - DOCX: RfP_UNICEF.docx → 25457 chars
2026-08-06 13:15:58.663 | DEBUG    | __main__:extract_proposal_info:413 - Extracted proposal: Institutional Consultancy to Undertake Assessment of Out of School Children (OOSC) and Adolescents in Dadaab, Kakuma and Kalobeyei Settlement Areas
2026-08-06 13:16:08.377 | DEBUG    | __main__:read_docx:201 - DOCX: SRDI PROPOSAL UN WOMEN.docx → 165902 chars
2026-08-06 13:16:18.941 | DEBUG    | __main__:extract_proposal_info:413 - Extracted proposal: Responsible Party for Women's Leadership, Early Warning Systems, and Community Protection in Somalia
2026-08-06 13:16:34.205 | DEBUG    | __main__:read_docx:201 - DOCX: SRDI Technical Proposal.docx → 74904 chars
2026-08-06 13:16:42.173 | DEBUG    | __main__:extract_proposal_info:413 - Extracted proposal: Integrated Development Solutions for IDPs and Host Communities in Jubaland, Somalia
2026-08-06 13:16:58.369 | DEBUG    | __main__:read_docx:201 - DOCX: TECHNICAL PROPOSAL 1.docx → 42743 chars
2026-08-06 13:17:08.299 | DEBUG    | __main__:extract_proposal_info:413 - Extracted proposal: Provision of Consultancy Services for PDM/Final Evaluation of QRCS' project in Somalia
2026-08-06 13:17:32.252 | DEBUG    | __main__:read_docx:201 - DOCX: TECHNICAL PROPOSAL 2.docx → 27614 chars
2026-08-06 13:17:42.408 | DEBUG    | __main__:extract_proposal_info:413 - Extracted proposal: Provision of Consultancy Services for Post Distribution Monitoring of Unconditional Cash Under RACIDA's IRR Project
2026-08-06 13:17:52.411 | DEBUG    | __main__:read_docx:201 - DOCX: TECHNICAL PROPOSAL CEF-RFP-01.docx → 77485 chars
2026-08-06 13:18:02.571 | DEBUG    | __main__:extract_proposal_info:413 - Extracted proposal: Monitoring, Evaluation, and Learning Partner for the Somali Civic Engagement Facility
2026-08-06 13:18:21.451 | DEBUG    | __main__:read_docx:201 - DOCX: TECHNICAL PROPOSAL HI Kenya.docx → 72578 chars
2026-08-06 13:18:29.810 | DEBUG    | __main__:extract_proposal_info:413 - Extracted proposal: Provision of Consultancy Services to undertake Agritech landscape study in Kenya (AYuTe Africa Challenge)
2026-08-06 13:18:46.960 | DEBUG    | __main__:read_docx:201 - DOCX: TECHNICAL_PROPOSAL_CEF-RFP-01_Monitoring_Evaluation_and_Learning_Partner_for_the_Somali_Civic_Engagement_Facility_FINAL.docx → 130285 chars
2026-08-06 13:18:58.142 | DEBUG    | __main__:extract_proposal_info:413 - Extracted proposal: Monitoring, Evaluation, and Learning Partner for the Somali Civic Engagement Facility
2026-08-06 13:19:08.525 | DEBUG    | __main__:read_docx:201 - DOCX: Technical Approach and Methodology.docx → 194203 chars
2026-08-06 13:19:19.007 | DEBUG    | __main__:extract_proposal_info:413 - Extracted proposal: Community-based Anticipatory Action Pilot in Mandera and Moyale Cross-Border Clusters
2026-08-06 13:19:31.789 | DEBUG    | __main__:read_docx:201 - DOCX: Technical Proposal - 10.docx → 54329 chars
2026-08-06 13:19:40.775 | DEBUG    | __main__:extract_proposal_info:413 - Extracted proposal: External Audit Services for External Offices
2026-08-06 13:19:54.673 | DEBUG    | __main__:read_docx:201 - DOCX: Technical Proposal - Audit.docx → 54329 chars
2026-08-06 13:20:04.329 | DEBUG    | __main__:extract_proposal_info:413 - Extracted proposal: External Audit Services for External Offices
2026-08-06 13:20:30.135 | DEBUG    | __main__:read_docx:201 - DOCX: Technical Proposal - Internal Audit.docx → 40258 chars
2026-08-06 13:20:38.736 | DEBUG    | __main__:extract_proposal_info:413 - Extracted proposal: Internal Audit of Qatar Red Crescent Society Somalia Office
2026-08-06 13:20:48.670 | DEBUG    | __main__:read_docx:201 - DOCX: Technical Proposal - PRF 29110 18 Nov 2025.docx → 37199 chars
2026-08-06 13:20:58.402 | DEBUG    | __main__:extract_proposal_info:413 - Extracted proposal: Endline Evaluation of the Continuity in Crisis Project
2026-08-06 13:21:07.251 | DEBUG    | __main__:read_docx:201 - DOCX: Technical Proposal - PRF29115 18 Nov 2025.docx → 33712 chars
2026-08-06 13:21:16.628 | DEBUG    | __main__:extract_proposal_info:413 - Extracted proposal: End-Term Evaluation of the Resilience, Health and Rights Project
2026-08-06 13:21:29.203 | DEBUG    | __main__:read_docx:201 - DOCX: Technical Proposal 11.docx → 97040 chars
2026-08-06 13:21:38.745 | DEBUG    | __main__:extract_proposal_info:413 - Extracted proposal: Final Evaluation - Improving Food Security and Strengthening Resilience of Smallholder Farmer Families in Hiiraan, Somalia (SOM 6000220)
2026-08-06 13:22:14.476 | DEBUG    | __main__:read_docx:201 - DOCX: Technical Proposal 13.docx → 68955 chars
2026-08-06 13:22:23.495 | DEBUG    | __main__:extract_proposal_info:413 - Extracted proposal: Endline Evaluation of 'Promoting the Resilience and Peaceful Co-existence of Communities Affected by the Climate Crisis'
2026-08-06 13:22:43.043 | DEBUG    | __main__:read_docx:201 - DOCX: Technical Proposal 14.docx → 112697 chars
2026-08-06 13:22:51.162 | DEBUG    | __main__:extract_proposal_info:413 - Extracted proposal: Consultancy to Develop and Institutionalize a Gender Index for GVRC
2026-08-06 13:23:11.159 | DEBUG    | __main__:read_docx:201 - DOCX: Technical Proposal 15.docx → 82976 chars
2026-08-06 13:23:20.434 | DEBUG    | __main__:extract_proposal_info:413 - Extracted proposal: Kenya Livestock Marketing and Resilience Project (KLMP) Annual Outcome Monitoring Survey Consultancy for FY26
2026-08-06 13:23:25.110 | DEBUG    | __main__:read_docx:201 - DOCX: Technical Proposal 3.docx → 84650 chars
2026-08-06 13:23:33.228 | DEBUG    | __main__:extract_proposal_info:413 - Extracted proposal: Behavioral and Social Drivers (BeSD) Survey amongst Cross-border Communities in Garissa County
2026-08-06 13:23:45.218 | ERROR    | __main__:run_proposal_population:967 - Proposal processing error for Technical Proposal 3.docx
Traceback (most recent call last):

  File "/home/sharahbill/cortech-bd-agent/populate_airtable.py", line 1095, in <module>
    main()
    └ <function main at 0x7db48b554540>

  File "/home/sharahbill/cortech-bd-agent/populate_airtable.py", line 1088, in main
    prop_results = run_proposal_population(tables, claude, interactive)
                   │                       │       │       └ True
                   │                       │       └ <anthropic.Anthropic object at 0x7db48b1e8d70>
                   │                       └ {'consultants': <Table base='app2zoGNoagY5eLht' name='CONSULTANTS'>, 'past_proposals': <Table base='app2zoGNoagY5eLht' name='...
                   └ <function run_proposal_population at 0x7db48b554400>

> File "/home/sharahbill/cortech-bd-agent/populate_airtable.py", line 946, in run_proposal_population
    record_id = add_proposal_to_airtable(
                └ <function add_proposal_to_airtable at 0x7db48b54bec0>

  File "/home/sharahbill/cortech-bd-agent/populate_airtable.py", line 569, in add_proposal_to_airtable
    "year": int(proposal_info.get("year", datetime.now().year)),
                │             │           │        └ <method 'now' of 'datetime.datetime' objects>
                │             │           └ <class 'datetime.datetime'>
                │             └ <method 'get' of 'dict' objects>
                └ {'project_title': 'Behavioral and Social Drivers (BeSD) Survey amongst Cross-border Communities in Garissa County', 'client':...

TypeError: int() argument must be a string, a bytes-like object or a real number, not 'NoneType'
2026-08-06 13:23:46.023 | DEBUG    | __main__:read_docx:201 - DOCX: Technical Proposal 31 Jan 2026.docx → 161325 chars
2026-08-06 13:23:55.123 | DEBUG    | __main__:extract_proposal_info:413 - Extracted proposal: School Safety and Learning Continuity Climate Smart Education Systems Initiative (CSESI) Somalia
2026-08-06 13:24:02.113 | DEBUG    | __main__:read_docx:201 - DOCX: Technical Proposal 4.docx → 83677 chars
2026-08-06 13:24:12.084 | DEBUG    | __main__:extract_proposal_info:413 - Extracted proposal: Training IIW-SS Investees on Sexual and Gender-Based Violence and Harassment (SGBVH), Safeguarding, and Referral Mechanisms
2026-08-06 13:24:26.155 | DEBUG    | __main__:read_docx:201 - DOCX: Technical Proposal 5.docx → 160857 chars
2026-08-06 13:24:37.163 | DEBUG    | __main__:extract_proposal_info:413 - Extracted proposal: Feasibility Study for the NURTURE (Nutrition, Health and Resilience for Vulnerable Communities) Project
2026-08-06 13:24:47.014 | DEBUG    | __main__:read_docx:201 - DOCX: Technical Proposal 6.docx → 212882 chars
2026-08-06 13:24:55.965 | DEBUG    | __main__:extract_proposal_info:413 - Extracted proposal: Consultancy to Develop a CEWARN Regional Strategy Framework for Integrating Climate Security into National Peace and Security Policies
2026-08-06 13:25:03.398 | DEBUG    | __main__:read_docx:201 - DOCX: Technical Proposal 7.docx → 73572 chars
2026-08-06 13:25:12.757 | DEBUG    | __main__:extract_proposal_info:413 - Extracted proposal: Endline Evaluation for the Sustainable Food Systems Project (SUSTFARM+) in Western Kenya Counties of Kakamega, Bungoma and Siaya
2026-08-06 13:25:58.164 | DEBUG    | __main__:read_docx:201 - DOCX: Technical Proposal 9.docx → 50394 chars
2026-08-06 13:26:06.369 | DEBUG    | __main__:extract_proposal_info:413 - Extracted proposal: External Audit Services - QRCS Somalia Office
2026-08-06 13:26:30.829 | DEBUG    | __main__:read_docx:201 - DOCX: Technical Proposal ACEF.docx → 65953 chars
2026-08-06 13:26:41.226 | DEBUG    | __main__:extract_proposal_info:413 - Extracted proposal: Final Evaluation of the Finance for Inclusive Growth (FIG) Somalia Programme
2026-08-06 13:27:06.822 | DEBUG    | __main__:read_docx:201 - DOCX: Technical Proposal CARE.docx → 89725 chars
2026-08-06 13:27:15.529 | DEBUG    | __main__:extract_proposal_info:413 - Extracted proposal: Third Party Monitoring Consultancy for the Girls' Education Accelerator (GEA) Program
2026-08-06 13:27:26.031 | DEBUG    | __main__:read_docx:201 - DOCX: Technical Proposal Cortech to GIZ.docx → 106296 chars
2026-08-06 13:27:34.474 | DEBUG    | __main__:extract_proposal_info:413 - Extracted proposal: Strengthening Climate-Resilient and Competitive Agricultural Development through Policy Support and Quality Assurance in Somalia (SPQA-II Project)
2026-08-06 13:28:06.261 | DEBUG    | __main__:read_docx:201 - DOCX: Technical Proposal Cortech to Kituo Cha Sheria.docx → 100266 chars
2026-08-06 13:28:14.920 | DEBUG    | __main__:extract_proposal_info:413 - Extracted proposal: Refugee Labour Market Study and Strategic Advocacy Support
2026-08-06 13:28:21.961 | DEBUG    | __main__:read_docx:201 - DOCX: Technical Proposal Forms 27 Jan 2026.docx → 328236 chars
2026-08-06 13:28:31.100 | DEBUG    | __main__:extract_proposal_info:413 - Extracted proposal: Community Early Warning and Disaster Risk Reduction (DRR) Training Support
2026-08-06 13:28:50.277 | DEBUG    | __main__:read_docx:201 - DOCX: Technical Proposal GAIN.docx → 35298 chars
2026-08-06 13:28:58.816 | DEBUG    | __main__:extract_proposal_info:413 - Extracted proposal: Data Collection on Child and Adolescent Centred Nutrition Indicators (CAN-I) in Kenya
2026-08-06 13:29:06.586 | DEBUG    | __main__:read_docx:201 - DOCX: Technical Proposal GREDO.docx → 81083 chars
2026-08-06 13:29:15.744 | DEBUG    | __main__:extract_proposal_info:413 - Extracted proposal: Documentation of Best Practices and Lessons Learnt under the Green Skills for Sustainable Employment Opportunities Intervention in Baidoa, Somalia
2026-08-06 13:29:24.072 | DEBUG    | __main__:read_docx:201 - DOCX: Technical Proposal IGAD.docx → 117302 chars
2026-08-06 13:29:33.561 | DEBUG    | __main__:extract_proposal_info:413 - Extracted proposal: End-of-Project Evaluation of the 'Improving Land Governance in the IGAD Region' Programme (Phase II)
2026-08-06 13:30:32.231 | DEBUG    | __main__:read_docx:201 - DOCX: Technical Proposal IOM 18 Nov 2025.docx → 78269 chars
2026-08-06 13:30:42.271 | DEBUG    | __main__:extract_proposal_info:413 - Extracted proposal: Clan Dynamics in Baidoa Research Study
2026-08-06 13:31:57.746 | DEBUG    | __main__:read_docx:201 - DOCX: Technical Proposal IOM.docx → 78269 chars
2026-08-06 13:32:07.180 | DEBUG    | __main__:extract_proposal_info:413 - Extracted proposal: Clan Dynamics in Baidoa Research Study
2026-08-06 13:32:24.805 | DEBUG    | __main__:read_docx:201 - DOCX: Technical Proposal KENHA.docx → 53120 chars
2026-08-06 13:32:34.345 | DEBUG    | __main__:extract_proposal_info:413 - Extracted proposal: Consultancy Services for Awareness, Prevention and Training on HIV/AIDS, Drug Abuse and Gender Mainstreaming
2026-08-06 13:32:57.108 | DEBUG    | __main__:read_docx:201 - DOCX: Technical Proposal SCI.docx → 81483 chars
2026-08-06 13:33:09.138 | DEBUG    | __main__:extract_proposal_info:413 - Extracted proposal: Endline Evaluation of the SOM_DANIDA SPA 2022–2025 Programme (Lot HUM and Lot CIV)
2026-08-06 13:33:50.993 | DEBUG    | __main__:read_docx:201 - DOCX: Technical Proposal ZIZI Afrique.docx → 71728 chars
2026-08-06 13:34:00.389 | DEBUG    | __main__:extract_proposal_info:413 - Extracted proposal: Technical Proposal for Consultancy Services to Develop a Comprehensive M&E Framework and Document Key Achievements and Impact Stories under the Unlocking Data Initiative
2026-08-06 13:34:04.376 | DEBUG    | __main__:read_docx:201 - DOCX: Technical Proposal _Cortech_9_April.docx → 62781 chars
2026-08-06 13:34:11.767 | DEBUG    | __main__:extract_proposal_info:413 - Extracted proposal: Consultancy for Development of a Comprehensive Digital Governance Policy & SOP Framework
2026-08-06 13:34:44.869 | DEBUG    | __main__:read_docx:201 - DOCX: Technical Proposal for LLINs.docx → 56884 chars
2026-08-06 13:34:55.370 | DEBUG    | __main__:extract_proposal_info:413 - Extracted proposal: LLINs Ownership and Use Assessment in Somalia and Somaliland
2026-08-06 13:35:34.708 | DEBUG    | __main__:read_docx:201 - DOCX: Technical Proposal to PACIDA.docx → 45640 chars
2026-08-06 13:35:43.569 | DEBUG    | __main__:extract_proposal_info:413 - Extracted proposal: Provision of Consultancy Services for Final Evaluation - Emergency Relief and Anticipatory Humanitarian Action for Victims of Climate-Related Disasters in Somalia, Northern Kenya, and Southern Ethiopia
2026-08-06 13:35:58.603 | DEBUG    | __main__:read_docx:201 - DOCX: Technical Proposal to WHH 2.docx → 66528 chars
2026-08-06 13:36:08.603 | DEBUG    | __main__:extract_proposal_info:413 - Extracted proposal: Feasibility Study of Strengthening Resilient and Inclusive Food Systems Project (SIAGER) in Kenya's Arid Marsabit County
2026-08-06 13:36:12.019 | ERROR    | __main__:run_proposal_population:967 - Proposal processing error for Technical Proposal to WHH 2.docx
Traceback (most recent call last):

  File "/home/sharahbill/cortech-bd-agent/populate_airtable.py", line 1095, in <module>
    main()
    └ <function main at 0x7db48b554540>

  File "/home/sharahbill/cortech-bd-agent/populate_airtable.py", line 1088, in main
    prop_results = run_proposal_population(tables, claude, interactive)
                   │                       │       │       └ True
                   │                       │       └ <anthropic.Anthropic object at 0x7db48b1e8d70>
                   │                       └ {'consultants': <Table base='app2zoGNoagY5eLht' name='CONSULTANTS'>, 'past_proposals': <Table base='app2zoGNoagY5eLht' name='...
                   └ <function run_proposal_population at 0x7db48b554400>

> File "/home/sharahbill/cortech-bd-agent/populate_airtable.py", line 946, in run_proposal_population
    record_id = add_proposal_to_airtable(
                └ <function add_proposal_to_airtable at 0x7db48b54bec0>

  File "/home/sharahbill/cortech-bd-agent/populate_airtable.py", line 569, in add_proposal_to_airtable
    "year": int(proposal_info.get("year", datetime.now().year)),
                │             │           │        └ <method 'now' of 'datetime.datetime' objects>
                │             │           └ <class 'datetime.datetime'>
                │             └ <method 'get' of 'dict' objects>
                └ {'project_title': "Feasibility Study of Strengthening Resilient and Inclusive Food Systems Project (SIAGER) in Kenya's Arid M...

TypeError: int() argument must be a string, a bytes-like object or a real number, not 'NoneType'
2026-08-06 13:36:12.133 | DEBUG    | __main__:read_docx:201 - DOCX: Technical Proposal, CORTEC.docx → 15294 chars
2026-08-06 13:36:19.284 | DEBUG    | __main__:extract_proposal_info:413 - Extracted proposal: Survey of applicable expert remuneration fees in comparable organizations in Somalia
2026-08-06 13:36:25.515 | DEBUG    | __main__:read_docx:201 - DOCX: Technical Proposal-Kenya Survey CORTEC.docx → 12158 chars
2026-08-06 13:36:33.859 | DEBUG    | __main__:extract_proposal_info:413 - Extracted proposal: Survey of applicable expert remuneration fees in comparable organizations in Kenya
2026-08-06 13:37:01.824 | DEBUG    | __main__:read_pdf:170 - PDF: Technical Proposal_ Research and Learning for Pathway to Prosperity Project (8).pdf → 223122 chars
2026-08-06 13:37:12.435 | DEBUG    | __main__:extract_proposal_info:413 - Extracted proposal: Research and Learning for the Pathway to Prosperity Project
2026-08-06 13:37:22.646 | DEBUG    | __main__:read_pdf:170 - PDF: Technical Proposal_Endline Evaluation_KEN1202.pdf → 90233 chars
2026-08-06 13:37:31.109 | DEBUG    | __main__:extract_proposal_info:413 - Extracted proposal: Endline Evaluation of the Chukua Control, Civil Society Empowerment for Improved Service Delivery in Rural Areas of Kenya
2026-08-06 13:37:36.808 | DEBUG    | __main__:read_docx:201 - DOCX: Technical Proposal_Somalia EIE Consultancy (3).docx → 104394 chars
2026-08-06 13:37:44.472 | DEBUG    | __main__:extract_proposal_info:413 - Extracted proposal: Somalia Education In Emergencies Anticipatory Action Consultancy – Education Cannot Wait Pilot Programme
2026-08-06 13:37:54.422 | DEBUG    | __main__:read_docx:201 - DOCX: Technical proposal.docx → 19666 chars
2026-08-06 13:38:02.962 | DEBUG    | __main__:extract_proposal_info:413 - Extracted proposal: Endline Evaluation to Enhancing Nutrition in Emergencies Interventions in Baidoa District, Bay Region, Somalia (SOM 1086-24 Project)
2026-08-06 13:38:10.984 | DEBUG    | __main__:read_docx:201 - DOCX: Technicap Proposal Concern WorldWide 6 November 2025.docx → 73335 chars
2026-08-06 13:38:20.151 | DEBUG    | __main__:extract_proposal_info:413 - Extracted proposal: Endline Evaluation of the EU–NEGAAD Project: Supporting Climate Adaptation and Durable Solutions for Displacement-Affected Communities in the Shabelle River Basin, Afgoye District
2026-08-06 13:38:26.009 | DEBUG    | __main__:read_docx:201 - DOCX: Tehnical Proposal KRCS.docx → 60375 chars
2026-08-06 13:38:34.940 | DEBUG    | __main__:extract_proposal_info:413 - Extracted proposal: End-Term Evaluation of the Youth Social and Economic Empowerment Project (YSEEP) in Mombasa
2026-08-06 13:38:39.393 | DEBUG    | __main__:read_docx:201 - DOCX: Tehnical Proposal KRCS2.docx → 58491 chars
2026-08-06 13:38:49.390 | DEBUG    | __main__:extract_proposal_info:413 - Extracted proposal: End-Term Evaluation for Prevention and Awareness-Raising on Gender-Based Violence (GBV) in Samburu, Bungoma and Kilifi Counties, Kenya
2026-08-06 13:38:54.610 | DEBUG    | __main__:read_docx:201 - DOCX: UK PACT Project Technical Proposal Template.docx → 51438 chars
2026-08-06 13:39:06.213 | DEBUG    | __main__:extract_proposal_info:413 - Extracted proposal: Scaling Up Smallholder Agroforestry Production and Nature-Based Enterprises in Kenya
2026-08-06 13:39:11.916 | DEBUG    | __main__:read_docx:201 - DOCX: UNICEF CONCEPT NOTE BY CORTECH.docx → 69049 chars
2026-08-06 13:39:20.897 | DEBUG    | __main__:extract_proposal_info:413 - Extracted proposal: Enhancing Integrated Health, Nutrition, and WASH Services for Child Survival in Bu'aale District, Middle Juba Region
2026-08-06 13:39:29.560 | DEBUG    | __main__:read_docx:201 - DOCX: WHH TECHNICAL PROPOSAL.docx → 42649 chars
2026-08-06 13:39:39.417 | DEBUG    | __main__:extract_proposal_info:413 - Extracted proposal: Provision of Consultancy Services for Midline Evaluation in Kilifi and Tana River Counties
2026-08-31 13:23:04.971 | DEBUG    | __main__:read_docx:281 - DOCX: Technical Proposal Cortech to Christian Aid.docx → 141556 chars
2026-08-31 13:23:15.297 | DEBUG    | __main__:extract_proposal_info:493 - Extracted proposal: End-of-Project Evaluation of the Catalyzing Multilateral Development Banks Financing for Energy Access in Africa Project
2026-08-31 13:24:56.732 | ERROR    | __main__:add_proposal_to_airtable:669 - Failed to add proposal End-of-Project Evaluation of the Catalyzing Multilateral Development Banks Financing for Energy Access in Africa Project: 429 Client Error: Too Many Requests for url: https://api.airtable.com/v0/app2zoGNoagY5eLht/PAST_PROPOSALS
2026-08-31 13:42:15.495 | DEBUG    | __main__:read_docx:282 - DOCX: Technical Proposal ICPAC Final.docx → 340832 chars
2026-08-31 13:42:25.936 | DEBUG    | __main__:extract_proposal_info:494 - Extracted proposal: Consulting Services to Design and Delivery of Community Based Anticipatory Action Pilot Project within Mandera and Moyale IGAD Clusters
2026-08-31 13:44:04.248 | ERROR    | __main__:add_proposal_to_airtable:708 - Failed to add proposal Consulting Services to Design and Delivery of Community Based Anticipatory Action Pilot Project within Mandera and Moyale IGAD Clusters: 429 Client Error: Too Many Requests for url: https://api.airtable.com/v0/app2zoGNoagY5eLht/PAST_PROPOSALS
2026-09-02 13:24:09.207 | INFO     | utils.observability:record_usage:169 - llm_usage stage= model=claude-sonnet-5 in=9 out=10 cached=0 est_cost_usd=0.00011800000000000001
2026-09-04 11:28:19.749 | INFO     | utils.observability:record_usage:169 - llm_usage stage= model=claude-sonnet-5 in=9 out=10 cached=0 est_cost_usd=0.00011800000000000001
2026-09-04 11:28:37.436 | DEBUG    | __main__:read_docx:283 - DOCX: 20241003_Cortech Consulting Group_Technical Proposal_TDH.docx → 17673 chars
2026-09-04 11:28:47.145 | INFO     | utils.observability:record_usage:169 - llm_usage stage= model=claude-sonnet-5 in=7249 out=939 cached=0 est_cost_usd=0.023888
2026-09-04 11:28:47.145 | DEBUG    | __main__:extract_proposal_info:502 - Extracted proposal: End of Project Evaluation for 'Scaling Up of Activities Related to the Prevention and Treatment of Malnourished Children <5y, Pregnant & Lactating Women in the Three Sub Counties of Garissa County Affected by Drought'
2026-09-04 11:37:24.125 | DEBUG    | __main__:read_pdf:252 - PDF: 20250317_Cortech Consulting_ Somali EAC Intergration Proposal.pdf → 25298 chars
2026-09-04 11:37:35.492 | INFO     | utils.observability:record_usage:169 - llm_usage stage= model=claude-sonnet-5 in=8625 out=913 cached=0 est_cost_usd=0.02638
2026-09-04 11:37:35.492 | DEBUG    | __main__:extract_proposal_info:502 - Extracted proposal: Proposal for Supporting Somalia's Integration into the East Africa Community
2026-09-04 11:37:42.528 | DEBUG    | __main__:read_docx:283 - DOCX: Annex 1 - Inv for Proposals CPD 2026 2030 - UNFPA Somalia.docx → 45378 chars
2026-09-04 11:37:54.867 | INFO     | utils.observability:record_usage:169 - llm_usage stage= model=claude-sonnet-5 in=7486 out=1006 cached=0 est_cost_usd=0.025032
2026-09-04 11:37:54.867 | DEBUG    | __main__:extract_proposal_info:502 - Extracted proposal: Integrated Reproductive Health and Gender-Based Violence Response and Empowerment Programme for Women and Girls in Conflict-Affected Areas of Hirshabelle and South West States, Somalia
2026-09-04 11:39:18.379 | DEBUG    | __main__:read_pdf:252 - PDF: Cortech-Technical Proposal.pdf → 481145 chars
2026-09-04 11:39:29.924 | INFO     | utils.observability:record_usage:169 - llm_usage stage= model=claude-sonnet-5 in=8572 out=1029 cached=0 est_cost_usd=0.027434
2026-09-04 11:39:29.924 | DEBUG    | __main__:extract_proposal_info:502 - Extracted proposal: Independent Evaluation of the Sida-Funded Sub-Saharan Africa Energy Access Programme (REACT SSA) Implemented by AECF
2026-09-04 11:41:52.148 | DEBUG    | __main__:read_docx:283 - DOCX: DRC TECHNICAL PROPOSAL.docx → 38516 chars
2026-09-04 11:42:05.722 | INFO     | utils.observability:record_usage:169 - llm_usage stage= model=claude-sonnet-5 in=7655 out=1200 cached=0 est_cost_usd=0.02731
2026-09-04 11:42:05.723 | ERROR    | __main__:extract_proposal_info:506 - JSON parse error for proposal DRC TECHNICAL PROPOSAL.docx: Unterminated string starting at: line 36 column 3 (char 2188)
2026-09-04 11:42:21.954 | DEBUG    | __main__:read_docx:283 - DOCX: EOI Apiculture.docx → 106344 chars
2026-09-04 11:42:33.326 | INFO     | utils.observability:record_usage:169 - llm_usage stage= model=claude-sonnet-5 in=7494 out=949 cached=0 est_cost_usd=0.024478
2026-09-04 11:42:33.326 | DEBUG    | __main__:extract_proposal_info:502 - Extracted proposal: Consulting Services for Business Accelerator for Apiculture Value Chain for NAVCDP
2026-09-04 11:42:38.222 | DEBUG    | __main__:read_docx:283 - DOCX: EOI Cortech to Ministry of Agriculture and Livestock Development (1).docx → 71550 chars
2026-09-04 11:42:49.868 | INFO     | utils.observability:record_usage:169 - llm_usage stage= model=claude-sonnet-5 in=7338 out=1117 cached=0 est_cost_usd=0.025846
2026-09-04 11:42:49.868 | DEBUG    | __main__:extract_proposal_info:502 - Extracted proposal: Business Accelerator for Mango and Avocado Value Chains (NAVCDP)
2026-09-04 11:43:01.547 | DEBUG    | __main__:read_docx:283 - DOCX: EOI Cortech to Ministry of Agriculture and Livestock Development.docx → 12674 chars
2026-09-04 11:43:14.026 | INFO     | utils.observability:record_usage:169 - llm_usage stage= model=claude-sonnet-5 in=5369 out=1200 cached=0 est_cost_usd=0.022737999999999998
2026-09-04 11:43:14.027 | ERROR    | __main__:extract_proposal_info:506 - JSON parse error for proposal EOI Cortech to Ministry of Agriculture and Livestock Development.docx: Unterminated string starting at: line 47 column 26 (char 2870)
2026-09-04 11:43:42.647 | DEBUG    | __main__:read_docx:283 - DOCX: EOI Cortech to SODMA.docx → 79247 chars
2026-09-04 11:43:56.342 | INFO     | utils.observability:record_usage:169 - llm_usage stage= model=claude-sonnet-5 in=7918 out=1106 cached=0 est_cost_usd=0.026896
2026-09-04 11:43:56.343 | DEBUG    | __main__:extract_proposal_info:502 - Extracted proposal: Design and Development of a Practical Impact-Based Forecasting Framework and Prototype System for Climate Risks in Somalia
2026-09-04 11:45:03.537 | DEBUG    | __main__:read_pdf:252 - PDF: EOI_SFERE_CORTECH.pdf → 331750 chars
2026-09-04 11:45:15.012 | INFO     | utils.observability:record_usage:169 - llm_usage stage= model=claude-sonnet-5 in=7597 out=939 cached=0 est_cost_usd=0.024583999999999998
2026-09-04 11:45:15.012 | DEBUG    | __main__:extract_proposal_info:502 - Extracted proposal: Provision of Consultancy to conduct pre-feasibility and feasibility studies for the proposed TVET Phase IV Project
2026-09-04 11:45:35.086 | DEBUG    | __main__:read_docx:283 - DOCX: Expresion of Interest - Cortech Isebania.docx → 28490 chars
2026-09-04 11:45:47.123 | INFO     | utils.observability:record_usage:169 - llm_usage stage= model=claude-sonnet-5 in=7570 out=1035 cached=0 est_cost_usd=0.02549
2026-09-04 11:45:47.123 | DEBUG    | __main__:extract_proposal_info:502 - Extracted proposal: Consultancy Services for Supervision of Construction of Intake Improvement Works for Migori & Isebania Towns Water Supply System and Ugunja Last Mile Connectivity Project
2026-09-04 11:45:52.588 | DEBUG    | __main__:read_docx:283 - DOCX: Expresion of Interest - Cortech Nandi Hills.docx → 28459 chars
2026-09-04 11:46:03.904 | INFO     | utils.observability:record_usage:169 - llm_usage stage= model=claude-sonnet-5 in=7589 out=977 cached=0 est_cost_usd=0.024948
2026-09-04 11:46:03.904 | DEBUG    | __main__:extract_proposal_info:502 - Extracted proposal: Consultancy Services for Supervision of Construction Works for Last Mile Connectivity for Nandi Hills, Kilgoris and Lolgorian Towns Water Supply Project
2026-09-04 11:46:46.590 | DEBUG    | __main__:read_docx:283 - DOCX: Expresion of Interest - Cortech.docx → 42338 chars
2026-09-04 11:46:56.707 | INFO     | utils.observability:record_usage:169 - llm_usage stage= model=claude-sonnet-5 in=7454 out=909 cached=0 est_cost_usd=0.023998
2026-09-04 11:46:56.707 | DEBUG    | __main__:extract_proposal_info:502 - Extracted proposal: Consulting Services for the Development of Guidelines for Harmonized Licensing Procedures and Fees for the County Governments (KUSP II)
2026-09-04 11:47:02.823 | DEBUG    | __main__:read_docx:283 - DOCX: Funding Proposal - HIDIG Relief and Development Organization.docx → 29879 chars
2026-09-04 11:47:13.664 | INFO     | utils.observability:record_usage:169 - llm_usage stage= model=claude-sonnet-5 in=7763 out=1037 cached=0 est_cost_usd=0.025896
2026-09-04 11:47:13.665 | DEBUG    | __main__:extract_proposal_info:502 - Extracted proposal: Roots of Resilience: Community-Led Prevention of Violent Extremism in Baay and Bakool, Somalia
2026-09-04 11:47:26.182 | DEBUG    | __main__:read_docx:283 - DOCX: RACIDA TECHNICAL PROPOSAL.docx → 26066 chars
2026-09-04 11:47:42.022 | INFO     | utils.observability:record_usage:169 - llm_usage stage= model=claude-sonnet-5 in=7739 out=1075 cached=0 est_cost_usd=0.026228
2026-09-04 11:47:42.022 | DEBUG    | __main__:extract_proposal_info:502 - Extracted proposal: Provision of Consultancy Services for Endline Evaluation in Mandera Under RACIDA’s IRR Project
2026-09-04 11:48:17.062 | DEBUG    | __main__:read_docx:283 - DOCX: RfP_UNICEF.docx → 25457 chars
2026-09-04 11:48:29.701 | INFO     | utils.observability:record_usage:169 - llm_usage stage= model=claude-sonnet-5 in=7183 out=1063 cached=0 est_cost_usd=0.024995999999999997
2026-09-04 11:48:29.701 | DEBUG    | __main__:extract_proposal_info:502 - Extracted proposal: Institutional Consultancy to Undertake Assessment of Out of School Children (OOSC) and Adolescents in Dadaab, Kakuma and Kalobeyei Settlement Areas
2026-09-04 11:49:29.266 | DEBUG    | __main__:read_docx:283 - DOCX: SRDI PROPOSAL UN WOMEN.docx → 165902 chars
2026-09-04 11:49:40.843 | INFO     | utils.observability:record_usage:169 - llm_usage stage= model=claude-sonnet-5 in=7993 out=919 cached=0 est_cost_usd=0.025176
2026-09-04 11:49:40.843 | ERROR    | __main__:extract_proposal_info:506 - JSON parse error for proposal SRDI PROPOSAL UN WOMEN.docx: Expecting ',' delimiter: line 10 column 441 (char 899)
2026-09-04 11:52:54.744 | DEBUG    | __main__:read_docx:283 - DOCX: TECHNICAL PROPOSAL 1.docx → 42743 chars
2026-09-04 11:53:05.487 | INFO     | utils.observability:record_usage:169 - llm_usage stage= model=claude-sonnet-5 in=7545 out=964 cached=0 est_cost_usd=0.02473
2026-09-04 11:53:05.488 | DEBUG    | __main__:extract_proposal_info:502 - Extracted proposal: Provision of Consultancy Services for PDM/Final Evaluation of QRCS's Project in Somalia
2026-09-04 11:54:05.452 | DEBUG    | __main__:read_docx:283 - DOCX: TECHNICAL PROPOSAL 2.docx → 27614 chars
2026-09-04 11:54:16.620 | INFO     | utils.observability:record_usage:169 - llm_usage stage= model=claude-sonnet-5 in=7717 out=974 cached=0 est_cost_usd=0.025174000000000002
2026-09-04 11:54:16.620 | DEBUG    | __main__:extract_proposal_info:502 - Extracted proposal: Provision of Consultancy Services for Post Distribution Monitoring of Unconditional Cash Under RACIDA's IRR Project
2026-09-04 11:54:57.371 | DEBUG    | __main__:read_docx:283 - DOCX: TECHNICAL PROPOSAL CEF-RFP-01.docx → 77485 chars
2026-09-04 11:55:08.455 | INFO     | utils.observability:record_usage:169 - llm_usage stage= model=claude-sonnet-5 in=7424 out=1034 cached=0 est_cost_usd=0.025188000000000002
2026-09-04 11:55:08.455 | DEBUG    | __main__:extract_proposal_info:502 - Extracted proposal: Monitoring, Evaluation, and Learning Partner for the Somali Civic Engagement Facility (CEF-RFP-01)
2026-09-04 11:56:09.774 | DEBUG    | __main__:read_docx:283 - DOCX: TECHNICAL PROPOSAL HI Kenya.docx → 72578 chars
2026-09-04 11:56:19.536 | INFO     | utils.observability:record_usage:169 - llm_usage stage= model=claude-sonnet-5 in=7611 out=827 cached=0 est_cost_usd=0.023492
2026-09-04 11:56:19.536 | DEBUG    | __main__:extract_proposal_info:502 - Extracted proposal: Agritech Landscape Study in Kenya (AYuTe Africa Challenge)
2026-09-04 11:57:28.442 | DEBUG    | __main__:read_docx:283 - DOCX: Technical Approach and Methodology.docx → 194203 chars
2026-09-04 11:57:38.706 | INFO     | utils.observability:record_usage:169 - llm_usage stage= model=claude-sonnet-5 in=7106 out=969 cached=0 est_cost_usd=0.023902
2026-09-04 11:57:38.707 | DEBUG    | __main__:extract_proposal_info:502 - Extracted proposal: Community-Based Anticipatory Action (AA) Pilot within the Mandera and Moyale Cross-Border Clusters
2026-09-04 11:59:17.494 | DEBUG    | __main__:read_docx:283 - DOCX: Technical Proposal - 10.docx → 54329 chars
2026-09-04 11:59:28.973 | INFO     | utils.observability:record_usage:169 - llm_usage stage= model=claude-sonnet-5 in=7589 out=885 cached=0 est_cost_usd=0.024028
2026-09-04 11:59:28.973 | DEBUG    | __main__:extract_proposal_info:502 - Extracted proposal: External Audit Services for External Offices
2026-09-04 11:59:55.100 | DEBUG    | __main__:read_docx:283 - DOCX: Technical Proposal - Audit.docx → 54329 chars
2026-09-04 12:00:04.813 | INFO     | utils.observability:record_usage:169 - llm_usage stage= model=claude-sonnet-5 in=7590 out=852 cached=0 est_cost_usd=0.0237
2026-09-04 12:00:04.813 | DEBUG    | __main__:extract_proposal_info:502 - Extracted proposal: External Audit Services for External Offices
2026-09-04 12:00:11.973 | DEBUG    | __main__:read_docx:283 - DOCX: Technical Proposal - Internal Audit.docx → 40258 chars
2026-09-04 12:00:23.449 | INFO     | utils.observability:record_usage:169 - llm_usage stage= model=claude-sonnet-5 in=8532 out=1000 cached=0 est_cost_usd=0.027063999999999998
2026-09-04 12:00:23.450 | DEBUG    | __main__:extract_proposal_info:502 - Extracted proposal: Internal Audit of QRCS Somalia Office
2026-09-04 12:01:17.008 | DEBUG    | __main__:read_docx:283 - DOCX: Technical Proposal - PRF 29110 18 Nov 2025.docx → 37199 chars
2026-09-04 12:01:29.706 | INFO     | utils.observability:record_usage:169 - llm_usage stage= model=claude-sonnet-5 in=7665 out=988 cached=0 est_cost_usd=0.02521
2026-09-04 12:01:29.706 | DEBUG    | __main__:extract_proposal_info:502 - Extracted proposal: Endline Evaluation of the Continuity in Crisis Project
2026-09-04 12:02:57.488 | DEBUG    | __main__:read_docx:283 - DOCX: Technical Proposal - PRF29115 18 Nov 2025.docx → 33712 chars
2026-09-04 12:03:08.792 | INFO     | utils.observability:record_usage:169 - llm_usage stage= model=claude-sonnet-5 in=7709 out=1079 cached=0 est_cost_usd=0.026208000000000002
2026-09-04 12:03:08.792 | DEBUG    | __main__:extract_proposal_info:502 - Extracted proposal: End-Term Evaluation of the Resilience, Health and Rights Project
2026-09-04 12:03:45.648 | DEBUG    | __main__:read_docx:283 - DOCX: Technical Proposal 11.docx → 97040 chars
2026-09-04 12:03:58.490 | INFO     | utils.observability:record_usage:169 - llm_usage stage= model=claude-sonnet-5 in=7463 out=1006 cached=0 est_cost_usd=0.024986
2026-09-04 12:03:58.490 | DEBUG    | __main__:extract_proposal_info:502 - Extracted proposal: Final Evaluation - Improving Food Security and Strengthening Resilience of Smallholder Farmer Families in Hiiraan, Somalia (SOM 6000220)
2026-09-04 12:04:40.968 | DEBUG    | __main__:read_docx:283 - DOCX: Technical Proposal 13.docx → 68955 chars
2026-09-04 12:04:52.970 | INFO     | utils.observability:record_usage:169 - llm_usage stage= model=claude-sonnet-5 in=7730 out=1024 cached=0 est_cost_usd=0.0257
2026-09-04 12:04:52.971 | DEBUG    | __main__:extract_proposal_info:502 - Extracted proposal: Endline Evaluation of the project titled "Promoting the Resilience and Peaceful Co-existence of Communities Affected by the Climate Crisis"
2026-09-04 12:05:50.931 | DEBUG    | __main__:read_docx:283 - DOCX: Technical Proposal 14.docx → 112697 chars
2026-09-04 12:06:06.598 | INFO     | utils.observability:record_usage:169 - llm_usage stage= model=claude-sonnet-5 in=7483 out=938 cached=0 est_cost_usd=0.024346
2026-09-04 12:06:06.598 | DEBUG    | __main__:extract_proposal_info:502 - Extracted proposal: Development and Institutionalization of a Gender Index for GVRC under the Accelerate Project
2026-09-04 12:06:58.651 | DEBUG    | __main__:read_docx:283 - DOCX: Technical Proposal 15.docx → 82976 chars
2026-09-04 12:07:13.330 | INFO     | utils.observability:record_usage:169 - llm_usage stage= model=claude-sonnet-5 in=7527 out=983 cached=0 est_cost_usd=0.024883999999999996
2026-09-04 12:07:13.330 | DEBUG    | __main__:extract_proposal_info:502 - Extracted proposal: Kenya Livestock Marketing and Resilience Project (KLMP) Annual Outcome Monitoring Survey Consultancy for FY26
2026-09-04 12:07:26.793 | DEBUG    | __main__:read_docx:283 - DOCX: Technical Proposal 3.docx → 84650 chars
2026-09-04 12:07:40.291 | INFO     | utils.observability:record_usage:169 - llm_usage stage= model=claude-sonnet-5 in=7429 out=1172 cached=0 est_cost_usd=0.026578
2026-09-04 12:07:40.291 | DEBUG    | __main__:extract_proposal_info:502 - Extracted proposal: Behavioral and Social Drivers (BeSD) Survey Amongst Cross-Border Communities in Fafi, Dadaab and Hulugho Sub Counties, Garissa County
2026-09-04 12:08:20.292 | DEBUG    | __main__:read_docx:283 - DOCX: Technical Proposal 31 Jan 2026.docx → 161325 chars
2026-09-04 12:08:31.945 | INFO     | utils.observability:record_usage:169 - llm_usage stage= model=claude-sonnet-5 in=7702 out=925 cached=0 est_cost_usd=0.024654000000000002
2026-09-04 12:08:31.946 | DEBUG    | __main__:extract_proposal_info:502 - Extracted proposal: Consultancy for School Safety and Learning Continuity - Climate Smart Education Systems Initiative (CSESI) Somalia
2026-09-04 12:08:48.459 | DEBUG    | __main__:read_docx:283 - DOCX: Technical Proposal 4.docx → 83677 chars
2026-09-04 12:08:59.959 | INFO     | utils.observability:record_usage:169 - llm_usage stage= model=claude-sonnet-5 in=7419 out=1105 cached=0 est_cost_usd=0.025888
2026-09-04 12:08:59.960 | DEBUG    | __main__:extract_proposal_info:502 - Extracted proposal: Consultancy for Training IIW-SS Investees on Sexual and Gender-Based Violence and Harassment (SGBVH), Safeguarding, and Referral Mechanisms
2026-09-04 12:09:11.831 | DEBUG    | __main__:read_docx:283 - DOCX: Technical Proposal 5.docx → 160857 chars
2026-09-04 12:09:22.572 | INFO     | utils.observability:record_usage:169 - llm_usage stage= model=claude-sonnet-5 in=7464 out=1063 cached=0 est_cost_usd=0.025557999999999997
2026-09-04 12:09:22.572 | DEBUG    | __main__:extract_proposal_info:502 - Extracted proposal: Feasibility Study for the NURTURE (Nutrition, Health and Resilience for Vulnerable Communities) Project
2026-09-04 12:10:22.486 | DEBUG    | __main__:read_docx:283 - DOCX: Technical Proposal 6.docx → 212882 chars
2026-09-04 12:10:33.555 | INFO     | utils.observability:record_usage:169 - llm_usage stage= model=claude-sonnet-5 in=6950 out=916 cached=0 est_cost_usd=0.023059999999999997
2026-09-04 12:10:33.556 | DEBUG    | __main__:extract_proposal_info:502 - Extracted proposal: Consultancy to Develop a CEWARN Regional Strategy Framework for Integrating Climate Security into National Peace and Security Policies
2026-09-04 12:11:08.937 | DEBUG    | __main__:read_docx:283 - DOCX: Technical Proposal 7.docx → 73572 chars
2026-09-04 12:11:21.604 | INFO     | utils.observability:record_usage:169 - llm_usage stage= model=claude-sonnet-5 in=7620 out=1097 cached=0 est_cost_usd=0.02621
2026-09-04 12:11:21.605 | DEBUG    | __main__:extract_proposal_info:502 - Extracted proposal: Endline Evaluation for the Sustainable Food Systems Project (SUSTFARM+) in Western Kenya Counties of Kakamega, Bungoma and Siaya
2026-09-04 12:11:30.628 | DEBUG    | __main__:read_docx:283 - DOCX: Technical Proposal 9.docx → 50394 chars
2026-09-04 12:11:40.570 | INFO     | utils.observability:record_usage:169 - llm_usage stage= model=claude-sonnet-5 in=7233 out=927 cached=0 est_cost_usd=0.023736
2026-09-04 12:11:40.570 | DEBUG    | __main__:extract_proposal_info:502 - Extracted proposal: External Audit Services - QRCS Somalia Office
2026-09-04 12:11:56.927 | DEBUG    | __main__:read_docx:283 - DOCX: Technical Proposal ACEF.docx → 65953 chars
2026-09-04 12:12:09.095 | INFO     | utils.observability:record_usage:169 - llm_usage stage= model=claude-sonnet-5 in=7645 out=1075 cached=0 est_cost_usd=0.02604
2026-09-04 12:12:09.096 | DEBUG    | __main__:extract_proposal_info:502 - Extracted proposal: Final Evaluation of the Finance for Inclusive Growth (FIG) Somalia Programme
2026-09-04 12:13:50.631 | DEBUG    | __main__:read_docx:283 - DOCX: Technical Proposal CARE.docx → 89725 chars
2026-09-04 12:14:02.610 | INFO     | utils.observability:record_usage:169 - llm_usage stage= model=claude-sonnet-5 in=7579 out=912 cached=0 est_cost_usd=0.024278
2026-09-04 12:14:02.611 | DEBUG    | __main__:extract_proposal_info:502 - Extracted proposal: Third Party Monitoring Consultancy for the Girls' Education Accelerator (GEA) Program
2026-09-04 12:14:08.053 | DEBUG    | __main__:read_docx:283 - DOCX: Technical Proposal Cortech to Christian Aid.docx → 141556 chars
2026-09-04 12:14:19.796 | INFO     | utils.observability:record_usage:169 - llm_usage stage= model=claude-sonnet-5 in=7713 out=1177 cached=0 est_cost_usd=0.027196
2026-09-04 12:14:19.796 | DEBUG    | __main__:extract_proposal_info:502 - Extracted proposal: End-of-Project Evaluation of the Catalyzing Multilateral Development Banks Financing for Energy Access in Africa Project
2026-09-04 12:14:46.552 | DEBUG    | __main__:read_docx:283 - DOCX: Technical Proposal Cortech to FIPS.docx → 232433 chars
2026-09-04 12:14:58.361 | INFO     | utils.observability:record_usage:169 - llm_usage stage= model=claude-sonnet-5 in=7579 out=1200 cached=0 est_cost_usd=0.027157999999999998
2026-09-04 12:14:58.362 | ERROR    | __main__:extract_proposal_info:506 - JSON parse error for proposal Technical Proposal Cortech to FIPS.docx: Unterminated string starting at: line 43 column 26 (char 2951)
2026-09-04 12:15:34.675 | DEBUG    | __main__:read_docx:283 - DOCX: Technical Proposal Cortech to GIZ.docx → 106296 chars
2026-09-04 12:15:44.540 | INFO     | utils.observability:record_usage:169 - llm_usage stage= model=claude-sonnet-5 in=7578 out=968 cached=0 est_cost_usd=0.024835999999999997
2026-09-04 12:15:44.540 | DEBUG    | __main__:extract_proposal_info:502 - Extracted proposal: Strengthening Climate-Resilient and Competitive Agricultural Development through Policy Support and Quality Assurance in Somalia (SPQA-II Project)
2026-09-04 12:15:57.178 | DEBUG    | __main__:read_docx:283 - DOCX: Technical Proposal Cortech to ILO.docx → 163185 chars
2026-09-04 12:16:09.017 | INFO     | utils.observability:record_usage:169 - llm_usage stage= model=claude-sonnet-5 in=7289 out=958 cached=0 est_cost_usd=0.024158
2026-09-04 12:16:09.017 | DEBUG    | __main__:extract_proposal_info:502 - Extracted proposal: Baseline Tracer Study for the ILO PROSPECTS Partnership Programme in Garissa and Turkana Counties, Kenya
2026-09-04 12:16:27.804 | DEBUG    | __main__:read_docx:283 - DOCX: Technical Proposal Cortech to Kituo Cha Sheria.docx → 100266 chars
2026-09-04 12:16:39.331 | INFO     | utils.observability:record_usage:169 - llm_usage stage= model=claude-sonnet-5 in=7472 out=971 cached=0 est_cost_usd=0.024654000000000002
2026-09-04 12:16:39.332 | DEBUG    | __main__:extract_proposal_info:502 - Extracted proposal: Refugee Labour Market Study and Strategic Advocacy Support
2026-09-04 12:18:07.211 | DEBUG    | __main__:read_docx:283 - DOCX: Technical Proposal Cortech to SOS CV Somalia.docx → 257990 chars
2026-09-04 12:18:19.985 | INFO     | utils.observability:record_usage:169 - llm_usage stage= model=claude-sonnet-5 in=7584 out=1200 cached=0 est_cost_usd=0.027167999999999998
2026-09-04 12:18:19.985 | ERROR    | __main__:extract_proposal_info:506 - JSON parse error for proposal Technical Proposal Cortech to SOS CV Somalia.docx: Unterminated string starting at: line 45 column 26 (char 3109)
2026-09-04 12:18:54.723 | DEBUG    | __main__:read_docx:283 - DOCX: Technical Proposal Cortech to Save the Children (ENDLINE EVALUTION).docx → 150378 chars
2026-09-04 12:19:05.787 | INFO     | utils.observability:record_usage:169 - llm_usage stage= model=claude-sonnet-5 in=7403 out=988 cached=0 est_cost_usd=0.024686
2026-09-04 12:19:05.787 | DEBUG    | __main__:extract_proposal_info:502 - Extracted proposal: Endline Evaluation of Localization Practice Phase II: Strengthening Local and National Actors in Child Protection Coordination and Advocacy in Somalia
2026-09-04 12:19:56.327 | DEBUG    | __main__:read_docx:283 - DOCX: Technical Proposal Forms 27 Jan 2026.docx → 328236 chars
2026-09-04 12:20:07.213 | INFO     | utils.observability:record_usage:169 - llm_usage stage= model=claude-sonnet-5 in=7038 out=940 cached=0 est_cost_usd=0.023476
2026-09-04 12:20:07.213 | DEBUG    | __main__:extract_proposal_info:502 - Extracted proposal: Community Early Warning and Disaster Risk Reduction (DRR) Training Support
2026-09-04 12:20:16.800 | DEBUG    | __main__:read_docx:283 - DOCX: Technical Proposal GAIN.docx → 35298 chars
2026-09-04 12:20:27.687 | INFO     | utils.observability:record_usage:169 - llm_usage stage= model=claude-sonnet-5 in=7923 out=991 cached=0 est_cost_usd=0.025755999999999998
2026-09-04 12:20:27.688 | DEBUG    | __main__:extract_proposal_info:502 - Extracted proposal: Data Collection on Child and Adolescent Centred Nutrition Indicators (CAN-I) in Kenya
2026-09-04 12:21:26.041 | DEBUG    | __main__:read_docx:283 - DOCX: Technical Proposal GREDO.docx → 81083 chars
2026-09-04 12:21:37.541 | INFO     | utils.observability:record_usage:169 - llm_usage stage= model=claude-sonnet-5 in=7484 out=953 cached=0 est_cost_usd=0.024498
2026-09-04 12:21:37.542 | DEBUG    | __main__:extract_proposal_info:502 - Extracted proposal: Documentation of Best Practices and Lessons Learnt under the Green Skills for Sustainable Employment Opportunities Intervention in Baidoa, Somalia
2026-09-04 12:21:58.053 | DEBUG    | __main__:read_docx:283 - DOCX: Technical Proposal ICPAC Final.docx → 340832 chars
2026-09-04 12:22:06.530 | DEBUG    | __main__:read_docx:283 - DOCX: Technical Proposal IGAD.docx → 117302 chars
2026-09-04 12:22:18.458 | INFO     | utils.observability:record_usage:169 - llm_usage stage= model=claude-sonnet-5 in=7592 out=1089 cached=0 est_cost_usd=0.026074
2026-09-04 12:22:18.459 | DEBUG    | __main__:extract_proposal_info:502 - Extracted proposal: End-of-Project Evaluation of the 'Improving Land Governance in the IGAD Region' Programme (Phase II)
2026-09-04 12:24:10.598 | DEBUG    | __main__:read_docx:283 - DOCX: Technical Proposal IOM 18 Nov 2025.docx → 78269 chars
2026-09-04 12:24:24.430 | INFO     | utils.observability:record_usage:169 - llm_usage stage= model=claude-sonnet-5 in=7659 out=1200 cached=0 est_cost_usd=0.027318
2026-09-04 12:24:24.430 | ERROR    | __main__:extract_proposal_info:506 - JSON parse error for proposal Technical Proposal IOM 18 Nov 2025.docx: Unterminated string starting at: line 17 column 5 (char 2083)
2026-09-04 12:25:16.537 | DEBUG    | __main__:read_docx:283 - DOCX: Technical Proposal IOM.docx → 78269 chars
2026-09-04 12:25:29.151 | INFO     | utils.observability:record_usage:169 - llm_usage stage= model=claude-sonnet-5 in=7650 out=993 cached=0 est_cost_usd=0.02523
2026-09-04 12:25:29.152 | DEBUG    | __main__:extract_proposal_info:502 - Extracted proposal: Clan Dynamics in Baidoa Research Study
2026-09-04 12:25:59.139 | DEBUG    | __main__:read_docx:283 - DOCX: Technical Proposal KENHA.docx → 53120 chars
2026-09-04 12:26:12.362 | INFO     | utils.observability:record_usage:169 - llm_usage stage= model=claude-sonnet-5 in=8208 out=1200 cached=0 est_cost_usd=0.028415999999999997
2026-09-04 12:26:12.363 | ERROR    | __main__:extract_proposal_info:506 - JSON parse error for proposal Technical Proposal KENHA.docx: Unterminated string starting at: line 32 column 26 (char 2673)
2026-09-04 12:27:23.322 | DEBUG    | __main__:read_docx:283 - DOCX: Technical Proposal SCI.docx → 81483 chars
2026-09-04 12:27:34.492 | INFO     | utils.observability:record_usage:169 - llm_usage stage= model=claude-sonnet-5 in=7628 out=959 cached=0 est_cost_usd=0.024846
2026-09-04 12:27:34.493 | DEBUG    | __main__:extract_proposal_info:502 - Extracted proposal: Endline Evaluation of the SOM_DANIDA SPA 2022–2025 Programme (Lot HUM and Lot CIV)
2026-09-04 12:27:43.477 | DEBUG    | __main__:read_docx:283 - DOCX: Technical Proposal ZIZI Afrique.docx → 71728 chars
2026-09-04 12:27:55.274 | INFO     | utils.observability:record_usage:169 - llm_usage stage= model=claude-sonnet-5 in=7659 out=1095 cached=0 est_cost_usd=0.026268
2026-09-04 12:27:55.274 | DEBUG    | __main__:extract_proposal_info:502 - Extracted proposal: Consultancy Services to Develop a Comprehensive M&E Framework and Document Key Achievements and Impact Stories under the Unlocking Data Initiative
2026-09-04 12:28:53.065 | DEBUG    | __main__:read_docx:283 - DOCX: Technical Proposal _Cortech_9_April.docx → 62781 chars
2026-09-04 12:29:03.375 | INFO     | utils.observability:record_usage:169 - llm_usage stage= model=claude-sonnet-5 in=7864 out=917 cached=0 est_cost_usd=0.024897999999999997
2026-09-04 12:29:03.376 | DEBUG    | __main__:extract_proposal_info:502 - Extracted proposal: Consultancy for Development of a Comprehensive Digital Governance Policy & SOP Framework
2026-09-04 12:29:35.930 | DEBUG    | __main__:read_docx:283 - DOCX: Technical Proposal for LLINs.docx → 56884 chars
2026-09-04 12:29:47.747 | INFO     | utils.observability:record_usage:169 - llm_usage stage= model=claude-sonnet-5 in=7531 out=993 cached=0 est_cost_usd=0.024992
2026-09-04 12:29:47.747 | DEBUG    | __main__:extract_proposal_info:502 - Extracted proposal: LLINs Ownership and Use Assessment in Somalia and Somaliland
2026-09-04 12:31:01.530 | DEBUG    | __main__:read_docx:283 - DOCX: Technical Proposal to PACIDA.docx → 45640 chars
2026-09-04 12:31:13.623 | INFO     | utils.observability:record_usage:169 - llm_usage stage= model=claude-sonnet-5 in=7585 out=1066 cached=0 est_cost_usd=0.02583
2026-09-04 12:31:13.623 | DEBUG    | __main__:extract_proposal_info:502 - Extracted proposal: Provision of Consultancy Services for Final Evaluation - Emergency Relief and Anticipatory Humanitarian Action for Victims of Climate-Related Disasters in Somalia, Northern Kenya, and Southern Ethiopia
2026-09-04 12:31:22.266 | DEBUG    | __main__:read_docx:283 - DOCX: Technical Proposal to WHH 2.docx → 66528 chars
2026-09-04 12:31:34.003 | INFO     | utils.observability:record_usage:169 - llm_usage stage= model=claude-sonnet-5 in=7576 out=1130 cached=0 est_cost_usd=0.026452
2026-09-04 12:31:34.003 | DEBUG    | __main__:extract_proposal_info:502 - Extracted proposal: Feasibility Study of Strengthening Resilient and Inclusive Food Systems Project in Kenya's Arid Marsabit County (SIAGER Food Systems Initiative)
2026-09-04 12:31:46.189 | DEBUG    | __main__:read_docx:283 - DOCX: Technical Proposal, CORTEC.docx → 15294 chars
2026-09-04 12:32:00.089 | INFO     | utils.observability:record_usage:169 - llm_usage stage= model=claude-sonnet-5 in=5971 out=1200 cached=0 est_cost_usd=0.023941999999999998
2026-09-04 12:32:00.089 | ERROR    | __main__:extract_proposal_info:506 - JSON parse error for proposal Technical Proposal, CORTEC.docx: Unterminated string starting at: line 19 column 5 (char 2111)
2026-09-04 12:32:34.480 | DEBUG    | __main__:read_docx:283 - DOCX: Technical Proposal-Kenya Survey CORTEC.docx → 12158 chars
2026-09-04 12:32:44.652 | INFO     | utils.observability:record_usage:169 - llm_usage stage= model=claude-sonnet-5 in=4823 out=870 cached=0 est_cost_usd=0.018346
2026-09-04 12:32:44.652 | DEBUG    | __main__:extract_proposal_info:502 - Extracted proposal: Survey of Applicable Expert Remuneration Fees in Comparable Organizations in Kenya
2026-09-04 12:33:11.342 | DEBUG    | __main__:read_pdf:252 - PDF: Technical Proposal_ Research and Learning for Pathway to Prosperity Project (8).pdf → 223122 chars
2026-09-04 12:33:21.595 | INFO     | utils.observability:record_usage:169 - llm_usage stage= model=claude-sonnet-5 in=7514 out=894 cached=0 est_cost_usd=0.023968
2026-09-04 12:33:21.596 | DEBUG    | __main__:extract_proposal_info:502 - Extracted proposal: Research and Learning for the Pathway to Prosperity Project
2026-09-04 12:33:58.942 | DEBUG    | __main__:read_pdf:252 - PDF: Technical Proposal_Endline Evaluation_KEN1202.pdf → 90233 chars
2026-09-04 12:34:08.010 | INFO     | utils.observability:record_usage:169 - llm_usage stage= model=claude-sonnet-5 in=7802 out=820 cached=0 est_cost_usd=0.023804
2026-09-04 12:34:08.010 | DEBUG    | __main__:extract_proposal_info:502 - Extracted proposal: Evaluation of the Chukua Control, Civil Society Empowerment for Improved Service Delivery in Rural Areas of Kenya
2026-09-04 12:34:40.853 | DEBUG    | __main__:read_docx:283 - DOCX: Technical Proposal_Somalia EIE Consultancy (3).docx → 104394 chars
2026-09-04 12:34:51.320 | INFO     | utils.observability:record_usage:169 - llm_usage stage= model=claude-sonnet-5 in=7661 out=875 cached=0 est_cost_usd=0.024072000000000003
2026-09-04 12:34:51.320 | DEBUG    | __main__:extract_proposal_info:502 - Extracted proposal: Somalia Education in Emergencies Anticipatory Action Consultancy – Education Cannot Wait Pilot Programme
2026-09-04 12:35:06.452 | DEBUG    | __main__:read_docx:283 - DOCX: Technicap Proposal Concern WorldWide 6 November 2025.docx → 73335 chars
2026-09-04 12:35:18.307 | INFO     | utils.observability:record_usage:169 - llm_usage stage= model=claude-sonnet-5 in=7533 out=1149 cached=0 est_cost_usd=0.026556
2026-09-04 12:35:18.308 | DEBUG    | __main__:extract_proposal_info:502 - Extracted proposal: Endline Evaluation of the EU–NEGAAD Project: Supporting Climate Adaptation and Durable Solutions for Displacement-Affected Communities (DACs) in the Shabelle River Basin, Afgoye District
2026-09-04 12:35:26.563 | DEBUG    | __main__:read_docx:283 - DOCX: Tehnical Proposal KRCS.docx → 60375 chars
2026-09-04 12:35:38.127 | INFO     | utils.observability:record_usage:169 - llm_usage stage= model=claude-sonnet-5 in=7760 out=963 cached=0 est_cost_usd=0.02515
2026-09-04 12:35:38.127 | DEBUG    | __main__:extract_proposal_info:502 - Extracted proposal: End-Term Evaluation of the Youth Social and Economic Empowerment Project (YSEEP) in Mombasa County
2026-09-04 12:36:15.199 | DEBUG    | __main__:read_docx:283 - DOCX: Tehnical Proposal KRCS2.docx → 58491 chars
2026-09-04 12:36:26.178 | INFO     | utils.observability:record_usage:169 - llm_usage stage= model=claude-sonnet-5 in=7716 out=1000 cached=0 est_cost_usd=0.025432
2026-09-04 12:36:26.179 | DEBUG    | __main__:extract_proposal_info:502 - Extracted proposal: End-Term Evaluation for Prevention and Awareness-Raising on Gender-Based Violence (GBV) in Samburu, Bungoma and Kilifi Counties, Kenya
2026-09-04 12:37:09.574 | DEBUG    | __main__:read_docx:283 - DOCX: UK PACT Project Technical Proposal Template.docx → 51438 chars
2026-09-04 12:37:21.923 | INFO     | utils.observability:record_usage:169 - llm_usage stage= model=claude-sonnet-5 in=7468 out=1200 cached=0 est_cost_usd=0.026935999999999998
2026-09-04 12:37:21.923 | ERROR    | __main__:extract_proposal_info:506 - JSON parse error for proposal UK PACT Project Technical Proposal Template.docx: Unterminated string starting at: line 11 column 23 (char 942)
2026-09-04 12:37:50.282 | DEBUG    | __main__:read_docx:283 - DOCX: UNICEF CONCEPT NOTE BY CORTECH.docx → 69049 chars
2026-09-04 12:38:00.786 | INFO     | utils.observability:record_usage:169 - llm_usage stage= model=claude-sonnet-5 in=8318 out=962 cached=0 est_cost_usd=0.026256
2026-09-04 12:38:00.786 | DEBUG    | __main__:extract_proposal_info:502 - Extracted proposal: Enhancing Integrated Health, Nutrition, and WASH Services for Child Survival in Bu'aale District, Middle Juba Region
2026-09-04 12:38:16.548 | DEBUG    | __main__:read_docx:283 - DOCX: WHH TECHNICAL PROPOSAL.docx → 42649 chars
2026-09-04 12:38:28.719 | INFO     | utils.observability:record_usage:169 - llm_usage stage= model=claude-sonnet-5 in=7658 out=1006 cached=0 est_cost_usd=0.025376
2026-09-04 12:38:28.719 | DEBUG    | __main__:extract_proposal_info:502 - Extracted proposal: Provision of Consultancy Services for Midline Evaluation in Kilifi and Tana River Counties
2026-09-10 19:35:35.268 | INFO     | utils.observability:record_usage:169 - llm_usage stage= model=claude-sonnet-5 in=9 out=10 cached=0 est_cost_usd=0.00011800000000000001
2026-09-10 19:35:43.932 | DEBUG    | __main__:read_docx:284 - DOCX: Technical Proposal Cortech to DRC.docx → 141495 chars
2026-09-10 19:35:54.476 | INFO     | utils.observability:record_usage:169 - llm_usage stage= model=claude-sonnet-5 in=7708 out=914 cached=0 est_cost_usd=0.024556
2026-09-10 19:35:54.477 | DEBUG    | __main__:extract_proposal_info:503 - Extracted proposal: End-Line Evaluation of the Area-Based Livelihoods Initiative, Garissa (ABLI-G II) Project
2026-09-10 19:36:57.995 | INFO     | utils.observability:record_usage:169 - llm_usage stage= model=claude-sonnet-5 in=9 out=10 cached=0 est_cost_usd=0.00011800000000000001
2026-09-10 19:37:00.762 | DEBUG    | __main__:read_docx:284 - DOCX: Technical Proposal Cortech to SOS CV Somalia.docx → 257990 chars
2026-09-10 19:37:12.928 | INFO     | utils.observability:record_usage:169 - llm_usage stage= model=claude-sonnet-5 in=7584 out=1200 cached=0 est_cost_usd=0.027167999999999998
2026-09-10 19:37:12.929 | ERROR    | __main__:extract_proposal_info:507 - JSON parse error for proposal Technical Proposal Cortech to SOS CV Somalia.docx: Unterminated string starting at: line 45 column 26 (char 2997)
2026-09-14 13:53:51.841 | INFO     | utils.observability:record_usage:169 - llm_usage stage= model=claude-haiku-4-5 in=8 out=10 cached=0 est_cost_usd=5.8e-05
2026-09-14 13:53:56.892 | DEBUG    | __main__:read_docx:284 - DOCX: 20240209_Cortech Consulting Group_Technical Proposal_PWJ KAP Survey.docx → 58262 chars
2026-09-14 13:54:07.150 | INFO     | utils.observability:record_usage:169 - llm_usage stage= model=claude-haiku-4-5 in=5584 out=787 cached=0 est_cost_usd=0.009519
2026-09-14 13:54:07.150 | DEBUG    | __main__:extract_proposal_info:585 - Extracted proposal: WASH Knowledge, Attitude and Practice (KAP) Survey in Dadaab Refugee Camps
2026-09-14 13:54:13.025 | DEBUG    | __main__:read_pdf:253 - PDF: 20240409_Cortech Consulting Group_Technical and Financial Proposal_NRC Market Survey.pdf → 81119 chars
2026-09-14 13:54:20.854 | INFO     | utils.observability:record_usage:169 - llm_usage stage= model=claude-haiku-4-5 in=6185 out=575 cached=0 est_cost_usd=0.00906
2026-09-14 13:54:20.855 | DEBUG    | __main__:extract_proposal_info:585 - Extracted proposal: Labor Market Assessment in Jowhar with Particular Focus on IDPs and Vulnerable Host Communities
2026-09-14 13:54:22.899 | DEBUG    | __main__:read_docx:284 - DOCX: 20240506_TPM Technical Proposal.docx → 133811 chars
2026-09-14 13:54:30.960 | INFO     | utils.observability:record_usage:169 - llm_usage stage= model=claude-haiku-4-5 in=4873 out=597 cached=0 est_cost_usd=0.007858
2026-09-14 13:54:30.960 | DEBUG    | __main__:extract_proposal_info:585 - Extracted proposal: Consultancy for Third Party Monitoring – Somalia Portfolio / Climate Resilient Food Security Project in Gobweyn and Luglow/Kismayo/Jubbaland
2026-09-14 13:54:32.964 | DEBUG    | __main__:read_docx:284 - DOCX: 20240729_Cortech Consulting Group_Technical and Financial Proposal_ Plan International Mapping.docx → 53395 chars
2026-09-14 13:54:42.147 | INFO     | utils.observability:record_usage:169 - llm_usage stage= model=claude-haiku-4-5 in=5262 out=661 cached=0 est_cost_usd=0.008567
2026-09-14 13:54:42.148 | DEBUG    | __main__:extract_proposal_info:585 - Extracted proposal: Consultancy to Conduct Mapping of Available CP & GBV Service Providers in Baidoa and Bardhere, Somalia
2026-09-14 13:54:46.752 | DEBUG    | __main__:read_pdf:253 - PDF: 20240814_Cortech Consulting Group_Technical and Financial Proposal_ LWF DF 6241- Endline Evaluation Survey (2).pdf → 74571 chars
2026-09-14 13:54:56.709 | INFO     | utils.observability:record_usage:169 - llm_usage stage= model=claude-haiku-4-5 in=4479 out=747 cached=0 est_cost_usd=0.008214
2026-09-14 13:54:56.709 | DEBUG    | __main__:extract_proposal_info:585 - Extracted proposal: End-line Evaluation for 'Promoting Resilience and Peaceful Co-existence for Climate Crisis Affected Communities in Somalia' Project
2026-09-14 13:54:58.439 | DEBUG    | __main__:read_docx:284 - DOCX: 20241003_Cortech Consulting Group_Technical Proposal_TDH.docx → 17673 chars
2026-09-14 13:55:07.846 | INFO     | utils.observability:record_usage:169 - llm_usage stage= model=claude-haiku-4-5 in=4900 out=755 cached=0 est_cost_usd=0.008675
2026-09-14 13:55:07.846 | DEBUG    | __main__:extract_proposal_info:585 - Extracted proposal: End of Project Evaluation for Scaling Up of Activities Related to Prevention and Treatment of Malnourished Children Under 5, Pregnant & Lactating Women in Garissa County
2026-09-14 13:55:09.663 | DEBUG    | __main__:read_docx:284 - DOCX: 20241018_Cortech Consulting Group_Technical_ PGI.docx → 25013 chars
2026-09-14 13:55:17.527 | INFO     | utils.observability:record_usage:169 - llm_usage stage= model=claude-haiku-4-5 in=5093 out=608 cached=0 est_cost_usd=0.008133000000000001
2026-09-14 13:55:17.527 | DEBUG    | __main__:extract_proposal_info:585 - Extracted proposal: Development of Communication Strategy
2026-09-14 13:55:19.490 | DEBUG    | __main__:read_docx:284 - DOCX: 20241108_Cortech Consulting Group_Technical Proposal_ LWF GEDSI Assessment Project.docx → 66231 chars
2026-09-14 13:55:28.385 | INFO     | utils.observability:record_usage:169 - llm_usage stage= model=claude-haiku-4-5 in=4799 out=685 cached=0 est_cost_usd=0.008224
2026-09-14 13:55:28.386 | DEBUG    | __main__:extract_proposal_info:585 - Extracted proposal: GEDSI Assessment in Jubaland and Training for LWF Somalia Sub-Program Staff
2026-09-14 13:55:36.286 | DEBUG    | __main__:read_pdf:253 - PDF: 20241111_ Cortech Consulting Group_Technical Proposal_IoM_Monitoring Framework and Scorecard on the Implementation of FMP.pdf → 157653 chars
2026-09-14 13:55:44.480 | INFO     | utils.observability:record_usage:169 - llm_usage stage= model=claude-haiku-4-5 in=4815 out=723 cached=0 est_cost_usd=0.00843
2026-09-14 13:55:44.480 | DEBUG    | __main__:extract_proposal_info:585 - Extracted proposal: Monitoring Framework and Scorecard on the Implementation of the Free Movement of Persons (FMP) Protocol in Africa
2026-09-14 13:55:46.960 | DEBUG    | __main__:read_pdf:253 - PDF: 20250317_Cortech Consulting_ Somali EAC Intergration Proposal.pdf → 25298 chars
2026-09-14 13:55:54.290 | INFO     | utils.observability:record_usage:169 - llm_usage stage= model=claude-haiku-4-5 in=5652 out=643 cached=0 est_cost_usd=0.008867
2026-09-14 13:55:54.290 | DEBUG    | __main__:extract_proposal_info:585 - Extracted proposal: Supporting Somalia's Integration into the East Africa Community
2026-09-14 13:55:55.988 | DEBUG    | __main__:read_docx:284 - DOCX: Annex 1 - Inv for Proposals CPD 2026 2030 - UNFPA Somalia.docx → 45378 chars
2026-09-14 13:56:05.145 | INFO     | utils.observability:record_usage:169 - llm_usage stage= model=claude-haiku-4-5 in=4976 out=714 cached=0 est_cost_usd=0.008546000000000002
2026-09-14 13:56:05.145 | DEBUG    | __main__:extract_proposal_info:585 - Extracted proposal: Integrated Reproductive Health and Gender-Based Violence Response and Empowerment Programme for Women and Girls in Conflict-Affected Areas of Hirshabelle and South West States, Somalia
2026-09-14 13:56:11.656 | DEBUG    | __main__:read_pdf:253 - PDF: Cortech Consulting Consortium_Technical Proposal for Enhancing Livelihood Development through SME and MSME Support Somalia.pdf → 137084 chars
2026-09-14 13:56:19.585 | INFO     | utils.observability:record_usage:169 - llm_usage stage= model=claude-haiku-4-5 in=5422 out=565 cached=0 est_cost_usd=0.008246999999999999
2026-09-14 13:56:19.586 | DEBUG    | __main__:extract_proposal_info:585 - Extracted proposal: Enhancing Livelihood Development through SME and MSME Support IDPs and Host communities in Bossaso, Somalia
2026-09-14 13:56:25.129 | DEBUG    | __main__:read_pdf:253 - PDF: Cortech Consulting Group- Technical Proposal for OCHA SHF Funded Projects in Sudan V1.pdf → 103851 chars
2026-09-14 13:56:33.251 | INFO     | utils.observability:record_usage:169 - llm_usage stage= model=claude-haiku-4-5 in=4767 out=782 cached=0 est_cost_usd=0.008677
2026-09-14 13:56:33.251 | DEBUG    | __main__:extract_proposal_info:585 - Extracted proposal: Third-Party Monitoring Services for OCHA Sudan Humanitarian Fund
2026-09-14 13:56:51.535 | DEBUG    | __main__:read_pdf:253 - PDF: Cortech-Technical Proposal.pdf → 481145 chars
2026-09-14 13:57:01.037 | INFO     | utils.observability:record_usage:169 - llm_usage stage= model=claude-haiku-4-5 in=5325 out=770 cached=0 est_cost_usd=0.009174999999999999
2026-09-14 13:57:01.037 | DEBUG    | __main__:extract_proposal_info:585 - Extracted proposal: Independent Evaluation of the Sida-Funded Sub-Saharan Africa Energy Access Programme (REACT SSA)
2026-09-14 13:57:02.807 | DEBUG    | __main__:read_docx:284 - DOCX: EOI Apiculture.docx → 106344 chars
2026-09-14 13:57:12.024 | INFO     | utils.observability:record_usage:169 - llm_usage stage= model=claude-haiku-4-5 in=4690 out=682 cached=0 est_cost_usd=0.0081
2026-09-14 13:57:12.024 | DEBUG    | __main__:extract_proposal_info:585 - Extracted proposal: Consulting Services for Business Accelerator for Apiculture Value Chain under NAVCDP
2026-09-14 13:57:13.792 | DEBUG    | __main__:read_docx:284 - DOCX: EOI Cortech to SODMA.docx → 79247 chars
2026-09-14 13:57:22.459 | INFO     | utils.observability:record_usage:169 - llm_usage stage= model=claude-haiku-4-5 in=4896 out=744 cached=0 est_cost_usd=0.008616
2026-09-14 13:57:22.460 | DEBUG    | __main__:extract_proposal_info:585 - Extracted proposal: Design and Development of a Practical Impact-Based Forecasting Framework and Prototype System for Climate Risks in Somalia
2026-09-14 13:57:33.175 | DEBUG    | __main__:read_pdf:253 - PDF: EOI_SFERE_CORTECH.pdf → 331750 chars
2026-09-14 13:57:40.446 | INFO     | utils.observability:record_usage:169 - llm_usage stage= model=claude-haiku-4-5 in=4957 out=614 cached=0 est_cost_usd=0.008027
2026-09-14 13:57:40.446 | DEBUG    | __main__:extract_proposal_info:585 - Extracted proposal: Provision of Consultancy to conduct pre-feasibility and feasibility studies for the proposed TVET Phase IV Project
2026-09-14 13:57:42.040 | DEBUG    | __main__:read_docx:284 - DOCX: EoI WB Somali.docx → 990 chars
2026-09-14 13:57:45.768 | INFO     | utils.observability:record_usage:169 - llm_usage stage= model=claude-haiku-4-5 in=855 out=339 cached=0 est_cost_usd=0.0025499999999999997
2026-09-14 13:57:45.769 | DEBUG    | __main__:extract_proposal_info:585 - Extracted proposal: Unknown - Expression of Interest (EOI) document only
2026-09-14 13:57:47.111 | DEBUG    | __main__:read_docx:284 - DOCX: Expresion of Interest - Cortech Isebania.docx → 28490 chars
2026-09-14 13:57:55.495 | INFO     | utils.observability:record_usage:169 - llm_usage stage= model=claude-haiku-4-5 in=4828 out=587 cached=0 est_cost_usd=0.007762999999999999
2026-09-14 13:57:55.496 | DEBUG    | __main__:extract_proposal_info:585 - Extracted proposal: Consultancy Services for Supervision of Construction of Intake Improvement Works for Migori & Isebania Towns Water Supply System and Ugunja Last Mile Connectivity Project
2026-09-14 13:57:57.174 | DEBUG    | __main__:read_docx:284 - DOCX: Expresion of Interest - Cortech Nandi Hills.docx → 28459 chars
2026-09-14 13:58:05.772 | INFO     | utils.observability:record_usage:169 - llm_usage stage= model=claude-haiku-4-5 in=4832 out=628 cached=0 est_cost_usd=0.007972
2026-09-14 13:58:05.772 | DEBUG    | __main__:extract_proposal_info:585 - Extracted proposal: Consultancy Services for Supervision of Construction Works for Last Mile Connectivity for Nandi Hills, Kilgoris and Lolgorian Towns Water Supply Project
2026-09-14 13:58:07.558 | DEBUG    | __main__:read_docx:284 - DOCX: Funding Proposal - HIDIG Relief and Development Organization.docx → 29879 chars
2026-09-14 13:58:18.374 | INFO     | utils.observability:record_usage:169 - llm_usage stage= model=claude-haiku-4-5 in=5012 out=917 cached=0 est_cost_usd=0.009597
2026-09-14 13:58:18.375 | DEBUG    | __main__:extract_proposal_info:585 - Extracted proposal: Roots of Resilience: Community-Led Prevention of Violent Extremism in Baay and Bakool, Somalia
2026-09-14 13:58:21.225 | DEBUG    | __main__:read_pdf:253 - PDF: Operation Model of JUWA_Technical_Proposal.pdf → 26127 chars
2026-09-14 13:58:30.062 | INFO     | utils.observability:record_usage:169 - llm_usage stage= model=claude-haiku-4-5 in=4913 out=648 cached=0 est_cost_usd=0.008153
2026-09-14 13:58:30.062 | DEBUG    | __main__:extract_proposal_info:585 - Extracted proposal: Consultancy Service for Support in the Implementation of the Operation Model and Capacity Development for the Jubaland Water Agency
2026-09-14 13:58:31.774 | DEBUG    | __main__:read_docx:284 - DOCX: Part II_Technical_Proposal_SRI.docx → 21781 chars
2026-09-14 13:58:39.359 | INFO     | utils.observability:record_usage:169 - llm_usage stage= model=claude-haiku-4-5 in=4480 out=588 cached=0 est_cost_usd=0.0074199999999999995
2026-09-14 13:58:39.359 | DEBUG    | __main__:extract_proposal_info:585 - Extracted proposal: Roadmap implementation needs assessment study on the integration of Somalia into the East African Community in regard to trade for agricultural commodities
2026-09-14 13:58:41.064 | DEBUG    | __main__:read_docx:284 - DOCX: RACIDA TECHNICAL PROPOSAL.docx → 26066 chars
2026-09-14 13:58:50.110 | INFO     | utils.observability:record_usage:169 - llm_usage stage= model=claude-haiku-4-5 in=5042 out=774 cached=0 est_cost_usd=0.008912
2026-09-14 13:58:50.111 | DEBUG    | __main__:extract_proposal_info:585 - Extracted proposal: Provision of Consultancy Services for Endline Evaluation in Mandera Under RACIDA's IRR Project
2026-09-14 13:58:51.694 | DEBUG    | __main__:read_docx:284 - DOCX: RfP_UNICEF.docx → 25457 chars
2026-09-14 13:58:58.374 | INFO     | utils.observability:record_usage:169 - llm_usage stage= model=claude-haiku-4-5 in=4645 out=677 cached=0 est_cost_usd=0.008029999999999999
2026-09-14 13:58:58.375 | DEBUG    | __main__:extract_proposal_info:585 - Extracted proposal: Institutional Consultancy to Undertake Assessment of Out of School Children (OOSC) and Adolescents in Dadaab, Kakuma and Kalobeyei Settlement Areas
2026-09-14 13:59:00.227 | DEBUG    | __main__:read_docx:284 - DOCX: Scaling up women led micro and small enterprises for the social and economic inclusion of IDPs in Baidoa.docx → 73312 chars
2026-09-14 13:59:12.888 | INFO     | utils.observability:record_usage:169 - llm_usage stage= model=claude-haiku-4-5 in=5242 out=1005 cached=0 est_cost_usd=0.010267
2026-09-14 13:59:12.888 | DEBUG    | __main__:extract_proposal_info:585 - Extracted proposal: Scaling up Women-Led Micro and Small Enterprises for the Social and Economic Inclusion of IDPs in Baidoa, Somalia
2026-09-14 13:59:14.655 | DEBUG    | __main__:read_docx:284 - DOCX: TECHNICAL PROPOSAL 1.docx → 42743 chars
2026-09-14 13:59:24.065 | INFO     | utils.observability:record_usage:169 - llm_usage stage= model=claude-haiku-4-5 in=4783 out=736 cached=0 est_cost_usd=0.008463
2026-09-14 13:59:24.065 | DEBUG    | __main__:extract_proposal_info:585 - Extracted proposal: Provision of Consultancy Services for PDM/Final Evaluation of QRCS' project in Somalia
2026-09-14 13:59:25.805 | DEBUG    | __main__:read_docx:284 - DOCX: TECHNICAL PROPOSAL 2.docx → 27614 chars
2026-09-14 13:59:35.020 | INFO     | utils.observability:record_usage:169 - llm_usage stage= model=claude-haiku-4-5 in=4959 out=672 cached=0 est_cost_usd=0.008319
2026-09-14 13:59:35.021 | DEBUG    | __main__:extract_proposal_info:585 - Extracted proposal: Provision of Consultancy Services for Post Distribution Monitoring of Unconditional Cash Under RACIDA's IRR Project
2026-09-14 13:59:36.678 | DEBUG    | __main__:read_docx:284 - DOCX: TECHNICAL PROPOSAL CEF-RFP-01.docx → 77485 chars
2026-09-14 13:59:47.051 | INFO     | utils.observability:record_usage:169 - llm_usage stage= model=claude-haiku-4-5 in=4672 out=799 cached=0 est_cost_usd=0.008667000000000001
2026-09-14 13:59:47.051 | DEBUG    | __main__:extract_proposal_info:585 - Extracted proposal: Monitoring, Evaluation, and Learning Partner for the Somali Civic Engagement Facility
2026-09-14 13:59:48.821 | DEBUG    | __main__:read_docx:284 - DOCX: TECHNICAL PROPOSAL HI Kenya.docx → 72578 chars
2026-09-14 13:59:56.705 | INFO     | utils.observability:record_usage:169 - llm_usage stage= model=claude-haiku-4-5 in=4881 out=672 cached=0 est_cost_usd=0.008241
2026-09-14 13:59:56.706 | DEBUG    | __main__:extract_proposal_info:585 - Extracted proposal: Provision of Consultancy Services to undertake Agritech landscape study in Kenya
2026-09-14 13:59:58.370 | DEBUG    | __main__:read_docx:284 - DOCX: Technical Approach and Methodology.docx → 194203 chars
2026-09-14 14:00:07.458 | INFO     | utils.observability:record_usage:169 - llm_usage stage= model=claude-haiku-4-5 in=4250 out=711 cached=0 est_cost_usd=0.007805
2026-09-14 14:00:07.459 | DEBUG    | __main__:extract_proposal_info:585 - Extracted proposal: Community-based Anticipatory Action Pilot in Mandera and Moyale Cross-border Clusters
2026-09-14 14:00:09.180 | DEBUG    | __main__:read_docx:284 - DOCX: Technical Proposal - Audit.docx → 54329 chars
2026-09-14 14:00:19.575 | INFO     | utils.observability:record_usage:169 - llm_usage stage= model=claude-haiku-4-5 in=4957 out=697 cached=0 est_cost_usd=0.008442
2026-09-14 14:00:19.575 | DEBUG    | __main__:extract_proposal_info:585 - Extracted proposal: External Audit Services for External Offices
2026-09-14 14:00:21.335 | DEBUG    | __main__:read_docx:284 - DOCX: Technical Proposal - Internal Audit.docx → 40258 chars
2026-09-14 14:00:29.555 | INFO     | utils.observability:record_usage:169 - llm_usage stage= model=claude-haiku-4-5 in=5741 out=668 cached=0 est_cost_usd=0.009080999999999999
2026-09-14 14:00:29.556 | DEBUG    | __main__:extract_proposal_info:585 - Extracted proposal: Internal Audit of Qatar Red Crescent Society Somalia Office
2026-09-14 14:00:31.367 | DEBUG    | __main__:read_docx:284 - DOCX: Technical Proposal - PRF 29110 18 Nov 2025.docx → 37199 chars
2026-09-14 14:00:40.663 | INFO     | utils.observability:record_usage:169 - llm_usage stage= model=claude-haiku-4-5 in=4841 out=742 cached=0 est_cost_usd=0.008551
2026-09-14 14:00:40.664 | DEBUG    | __main__:extract_proposal_info:585 - Extracted proposal: Endline Evaluation - Continuity in Crisis Project
2026-09-14 14:00:42.421 | DEBUG    | __main__:read_docx:284 - DOCX: Technical Proposal - PRF29115 18 Nov 2025.docx → 33712 chars
2026-09-14 14:00:52.443 | INFO     | utils.observability:record_usage:169 - llm_usage stage= model=claude-haiku-4-5 in=4935 out=744 cached=0 est_cost_usd=0.008655
2026-09-14 14:00:52.444 | DEBUG    | __main__:extract_proposal_info:585 - Extracted proposal: End-Term Evaluation of the Resilience, Health and Rights Project
2026-09-14 14:00:54.181 | DEBUG    | __main__:read_docx:284 - DOCX: Technical Proposal 3.docx → 84650 chars
2026-09-14 14:01:03.744 | INFO     | utils.observability:record_usage:169 - llm_usage stage= model=claude-haiku-4-5 in=4800 out=650 cached=0 est_cost_usd=0.00805
2026-09-14 14:01:03.745 | DEBUG    | __main__:extract_proposal_info:585 - Extracted proposal: Behavioral and Social Drivers (BeSD) Survey amongst Cross-border Communities in Fafi, Dadaab and Hulugho Sub Counties
2026-09-14 14:01:05.619 | DEBUG    | __main__:read_docx:284 - DOCX: Technical Proposal 4.docx → 83677 chars
2026-09-14 14:01:14.275 | INFO     | utils.observability:record_usage:169 - llm_usage stage= model=claude-haiku-4-5 in=4659 out=626 cached=0 est_cost_usd=0.007789
2026-09-14 14:01:14.275 | DEBUG    | __main__:extract_proposal_info:585 - Extracted proposal: Training IIW-SS Investees on Sexual and Gender-Based Violence and Harassment (SGBVH), Safeguarding, and Referral Mechanisms
2026-09-14 14:01:16.154 | DEBUG    | __main__:read_docx:284 - DOCX: Technical Proposal 5.docx → 160857 chars
2026-09-14 14:01:26.581 | INFO     | utils.observability:record_usage:169 - llm_usage stage= model=claude-haiku-4-5 in=4671 out=820 cached=0 est_cost_usd=0.008771
2026-09-14 14:01:26.581 | DEBUG    | __main__:extract_proposal_info:585 - Extracted proposal: Feasibility Study for the NURTURE (Nutrition, Health and Resilience for Vulnerable Communities) Project
2026-09-14 14:01:28.639 | DEBUG    | __main__:read_docx:284 - DOCX: Technical Proposal 6.docx → 212882 chars
2026-09-14 14:01:37.643 | INFO     | utils.observability:record_usage:169 - llm_usage stage= model=claude-haiku-4-5 in=4347 out=637 cached=0 est_cost_usd=0.0075320000000000005
2026-09-14 14:01:37.644 | DEBUG    | __main__:extract_proposal_info:585 - Extracted proposal: Consultancy to Develop a CEWARN Regional Strategy Framework for Integrating Climate Security into National Peace and Security Policies
2026-09-14 14:01:39.378 | DEBUG    | __main__:read_docx:284 - DOCX: Technical Proposal 7.docx → 73572 chars
2026-09-14 14:01:49.727 | INFO     | utils.observability:record_usage:169 - llm_usage stage= model=claude-haiku-4-5 in=4807 out=907 cached=0 est_cost_usd=0.009342
2026-09-14 14:01:49.728 | DEBUG    | __main__:extract_proposal_info:585 - Extracted proposal: Endline Evaluation for the Sustainable Food Systems Project (SUSTFARM+) in Western Kenya Counties
2026-09-14 14:01:51.425 | DEBUG    | __main__:read_docx:284 - DOCX: Technical Proposal 9.docx → 50394 chars
2026-09-14 14:02:01.759 | INFO     | utils.observability:record_usage:169 - llm_usage stage= model=claude-haiku-4-5 in=4410 out=667 cached=0 est_cost_usd=0.007745
2026-09-14 14:02:01.759 | DEBUG    | __main__:extract_proposal_info:585 - Extracted proposal: External Audit Services - QRCS Somalia Office
2026-09-14 14:02:03.501 | DEBUG    | __main__:read_docx:284 - DOCX: Technical Proposal ACEF.docx → 65953 chars
2026-09-14 14:02:14.333 | INFO     | utils.observability:record_usage:169 - llm_usage stage= model=claude-haiku-4-5 in=4987 out=841 cached=0 est_cost_usd=0.009191999999999999
2026-09-14 14:02:14.333 | DEBUG    | __main__:extract_proposal_info:585 - Extracted proposal: Final Evaluation of the Finance for Inclusive Growth (FIG) Somalia Programme
2026-09-14 14:02:16.065 | DEBUG    | __main__:read_docx:284 - DOCX: Technical Proposal CARE.docx → 89725 chars
2026-09-14 14:02:26.045 | INFO     | utils.observability:record_usage:169 - llm_usage stage= model=claude-haiku-4-5 in=4750 out=725 cached=0 est_cost_usd=0.008375
2026-09-14 14:02:26.045 | DEBUG    | __main__:extract_proposal_info:585 - Extracted proposal: Third Party Monitoring Consultancy for the Girls' Education Accelerator (GEA) Program
2026-09-14 14:02:28.404 | DEBUG    | __main__:read_docx:284 - DOCX: Technical Proposal Forms 27 Jan 2026.docx → 328236 chars
2026-09-14 14:02:37.445 | INFO     | utils.observability:record_usage:169 - llm_usage stage= model=claude-haiku-4-5 in=4793 out=586 cached=0 est_cost_usd=0.007723000000000001
2026-09-14 14:02:37.445 | DEBUG    | __main__:extract_proposal_info:585 - Extracted proposal: Community Early Warning and Disaster Risk Reduction (DRR) Training Support
2026-09-14 14:02:39.057 | DEBUG    | __main__:read_docx:284 - DOCX: Technical Proposal GAIN.docx → 35298 chars
2026-09-14 14:02:47.725 | INFO     | utils.observability:record_usage:169 - llm_usage stage= model=claude-haiku-4-5 in=4822 out=694 cached=0 est_cost_usd=0.008292
2026-09-14 14:02:47.731 | DEBUG    | __main__:extract_proposal_info:585 - Extracted proposal: Data Collection on Child and Adolescent Centred Nutrition Indicators (CAN-I) in Kenya
2026-09-14 14:02:49.519 | DEBUG    | __main__:read_docx:284 - DOCX: Technical Proposal GREDO.docx → 81083 chars
2026-09-14 14:02:59.150 | INFO     | utils.observability:record_usage:169 - llm_usage stage= model=claude-haiku-4-5 in=4812 out=704 cached=0 est_cost_usd=0.008331999999999999
2026-09-14 14:02:59.150 | DEBUG    | __main__:extract_proposal_info:585 - Extracted proposal: Documentation of Best Practices and Lessons Learnt under the Green Skills for Sustainable Employment Opportunities Intervention in Baidoa, Somalia
2026-09-14 14:03:01.145 | DEBUG    | __main__:read_docx:284 - DOCX: Technical Proposal ICPAC Final.docx → 340832 chars
2026-09-14 14:03:11.440 | INFO     | utils.observability:record_usage:169 - llm_usage stage= model=claude-haiku-4-5 in=4789 out=830 cached=0 est_cost_usd=0.008938999999999999
2026-09-14 14:03:11.440 | DEBUG    | __main__:extract_proposal_info:585 - Extracted proposal: Consulting Services to Design and Delivery of Community Based Anticipatory Action Pilot Project within Mandera and Moyale IGAD Clusters
2026-09-14 14:03:13.267 | DEBUG    | __main__:read_docx:284 - DOCX: Technical Proposal IGAD.docx → 117302 chars
2026-09-14 14:03:24.208 | INFO     | utils.observability:record_usage:169 - llm_usage stage= model=claude-haiku-4-5 in=4795 out=846 cached=0 est_cost_usd=0.009024999999999998
2026-09-14 14:03:24.208 | DEBUG    | __main__:extract_proposal_info:585 - Extracted proposal: End-of-Project Evaluation of the 'Improving Land Governance in the IGAD Region' Programme (Phase II)
2026-09-14 14:03:25.959 | DEBUG    | __main__:read_docx:284 - DOCX: Technical Proposal SCI.docx → 81483 chars
2026-09-14 14:03:36.936 | INFO     | utils.observability:record_usage:169 - llm_usage stage= model=claude-haiku-4-5 in=4919 out=799 cached=0 est_cost_usd=0.008914
2026-09-14 14:03:36.936 | DEBUG    | __main__:extract_proposal_info:585 - Extracted proposal: Endline Evaluation of the SOM_DANIDA SPA 2022–2025 Programme (Lot HUM and Lot CIV)
2026-09-14 14:03:38.683 | DEBUG    | __main__:read_docx:284 - DOCX: Technical Proposal ZIZI Afrique.docx → 71728 chars
2026-09-14 14:03:48.230 | INFO     | utils.observability:record_usage:169 - llm_usage stage= model=claude-haiku-4-5 in=4925 out=735 cached=0 est_cost_usd=0.0086
2026-09-14 14:03:48.230 | DEBUG    | __main__:extract_proposal_info:585 - Extracted proposal: Consultancy Services to Develop a Comprehensive M&E Framework and Document Key Achievements and Impact Stories under the Unlocking Data Initiative
2026-09-14 14:03:57.329 | DEBUG    | __main__:read_pdf:253 - PDF: Technical Proposal _DRC Kenya- Business Needs & Mapping of BDS Providers  _ RegioTrade_ Final_14122024.pdf → 258404 chars
2026-09-14 14:04:06.327 | INFO     | utils.observability:record_usage:169 - llm_usage stage= model=claude-haiku-4-5 in=4792 out=725 cached=0 est_cost_usd=0.008417000000000001
2026-09-14 14:04:06.327 | DEBUG    | __main__:extract_proposal_info:585 - Extracted proposal: Business Needs Assessment & Mapping Relevant Business Development Services (BDS) Providers in Nairobi and Mandera
2026-09-14 14:04:14.384 | DEBUG    | __main__:read_pdf:253 - PDF: Technical Proposal for 2025 Audit Services- QRCS Somalia Office.pdf → 58993 chars
2026-09-14 14:04:22.661 | INFO     | utils.observability:record_usage:169 - llm_usage stage= model=claude-haiku-4-5 in=4941 out=592 cached=0 est_cost_usd=0.007901
2026-09-14 14:04:22.662 | DEBUG    | __main__:extract_proposal_info:585 - Extracted proposal: Internal Audit Services - QRCS Somalia Office
2026-09-14 14:04:24.498 | DEBUG    | __main__:read_docx:284 - DOCX: Technical Proposal for LLINs.docx → 56884 chars
2026-09-14 14:04:34.075 | INFO     | utils.observability:record_usage:169 - llm_usage stage= model=claude-haiku-4-5 in=4779 out=759 cached=0 est_cost_usd=0.008574
2026-09-14 14:04:34.076 | DEBUG    | __main__:extract_proposal_info:585 - Extracted proposal: LLINs Ownership and Use Assessment in Somalia and Somaliland
2026-09-14 14:04:35.739 | DEBUG    | __main__:read_docx:284 - DOCX: Technical Proposal to PACIDA.docx → 45640 chars
2026-09-14 14:04:46.148 | INFO     | utils.observability:record_usage:169 - llm_usage stage= model=claude-haiku-4-5 in=4908 out=783 cached=0 est_cost_usd=0.008823000000000001
2026-09-14 14:04:46.148 | DEBUG    | __main__:extract_proposal_info:585 - Extracted proposal: Final Evaluation – Emergency Relief and Anticipatory Humanitarian Action for Victims of Climate-Related Disasters in Somalia, Northern Kenya, and Southern Ethiopia
2026-09-14 14:04:47.839 | DEBUG    | __main__:read_docx:284 - DOCX: Technical Proposal to WHH 2.docx → 66528 chars
2026-09-14 14:04:58.457 | INFO     | utils.observability:record_usage:169 - llm_usage stage= model=claude-haiku-4-5 in=4838 out=855 cached=0 est_cost_usd=0.009113
2026-09-14 14:04:58.457 | DEBUG    | __main__:extract_proposal_info:585 - Extracted proposal: Feasibility Study of Strengthening Resilient and Inclusive Food Systems Project (SIAGER Food Systems Initiative) in Kenya's Arid Marsabit County
2026-09-14 14:04:58.960 | ERROR    | __main__:run_proposal_population:1291 - Proposal processing error for Technical Proposal to WHH 2.docx
Traceback (most recent call last):

  File "/home/sharahbill/cortech-bd-agent/populate_airtable.py", line 1499, in <module>
    main()
    └ <function main at 0x7a59d7b01bc0>

  File "/home/sharahbill/cortech-bd-agent/populate_airtable.py", line 1490, in main
    prop_results = run_proposal_population(
                   └ <function run_proposal_population at 0x7a59d7b01850>

> File "/home/sharahbill/cortech-bd-agent/populate_airtable.py", line 1268, in run_proposal_population
    record_id = add_proposal_to_airtable(
                └ <function add_proposal_to_airtable at 0x7a59d7b00a90>

  File "/home/sharahbill/cortech-bd-agent/populate_airtable.py", line 778, in add_proposal_to_airtable
    record = _proposal_airtable_record(proposal_info, raw_proposal_text, file_name)
             │                         │              │                  └ 'Technical Proposal to WHH 2'
             │                         │              └ 'TABLE OF CONTENTS\n1. COVER LETTER\nTo: Procurement Office, Deutsche Welthungerhilfe e. V. Kenya Office\nSubject: Provision ...
             │                         └ {'project_title': "Feasibility Study of Strengthening Resilient and Inclusive Food Systems Project (SIAGER Food Systems Initi...
             └ <function _proposal_airtable_record at 0x7a59d7b007d0>

  File "/home/sharahbill/cortech-bd-agent/populate_airtable.py", line 742, in _proposal_airtable_record
    "year": int(proposal_info.get("year", datetime.now().year)),
                │             │           │        └ <method 'now' of 'datetime.datetime' objects>
                │             │           └ <class 'datetime.datetime'>
                │             └ <method 'get' of 'dict' objects>
                └ {'project_title': "Feasibility Study of Strengthening Resilient and Inclusive Food Systems Project (SIAGER Food Systems Initi...

TypeError: int() argument must be a string, a bytes-like object or a real number, not 'NoneType'
2026-09-14 14:04:59.053 | DEBUG    | __main__:read_docx:284 - DOCX: Technical Proposal-Kenya Survey CORTEC.docx → 12158 chars
2026-09-14 14:05:06.128 | INFO     | utils.observability:record_usage:169 - llm_usage stage= model=claude-haiku-4-5 in=3230 out=522 cached=0 est_cost_usd=0.00584
2026-09-14 14:05:06.129 | DEBUG    | __main__:extract_proposal_info:585 - Extracted proposal: Survey of applicable expert remuneration fees in comparable organizations in Kenya
2026-09-14 14:05:13.109 | DEBUG    | __main__:read_pdf:253 - PDF: Technical Proposal_ DRC BORESHA NABAD Project.pdf → 118637 chars
2026-09-14 14:05:20.915 | INFO     | utils.observability:record_usage:169 - llm_usage stage= model=claude-haiku-4-5 in=4914 out=685 cached=0 est_cost_usd=0.008339
2026-09-14 14:05:20.915 | DEBUG    | __main__:extract_proposal_info:585 - Extracted proposal: Provision of Business Development Services (BDS) Mentorship and Coaching to VSLA Groups and TVET Youths in Mandera under BORESHA-NABAD Programme
2026-09-14 14:05:22.595 | DEBUG    | __main__:read_docx:284 - DOCX: Technical Proposal_ DRC Mapping Formal Financial Service Providers for Refugees.docx → 56487 chars
2026-09-14 14:05:31.582 | INFO     | utils.observability:record_usage:169 - llm_usage stage= model=claude-haiku-4-5 in=4598 out=688 cached=0 est_cost_usd=0.008038
2026-09-14 14:05:31.582 | DEBUG    | __main__:extract_proposal_info:585 - Extracted proposal: Mapping of Formal Financial Service Providers (FSPs) and Financial Inclusion Assessment in Displacement-Affected Communities in Kenya
2026-09-14 14:05:39.970 | DEBUG    | __main__:read_pdf:253 - PDF: Technical Proposal_ Research and Learning for Pathway to Prosperity Project (8).pdf → 223122 chars
2026-09-14 14:05:50.539 | INFO     | utils.observability:record_usage:169 - llm_usage stage= model=claude-haiku-4-5 in=4804 out=805 cached=0 est_cost_usd=0.008829
2026-09-14 14:05:50.539 | DEBUG    | __main__:extract_proposal_info:585 - Extracted proposal: Research and Learning for the Pathway to Prosperity Project
2026-09-14 14:05:52.683 | DEBUG    | __main__:read_docx:284 - DOCX: Technical Proposal_ Somalia Nutrition Cluster Strategy and Response Plan.docx → 50683 chars
2026-09-14 14:06:02.322 | INFO     | utils.observability:record_usage:169 - llm_usage stage= model=claude-haiku-4-5 in=5095 out=713 cached=0 est_cost_usd=0.00866
2026-09-14 14:06:02.322 | DEBUG    | __main__:extract_proposal_info:585 - Extracted proposal: Somalia Nutrition Cluster Strategy and Response Plan (2025–2028)
2026-09-14 14:06:04.096 | DEBUG    | __main__:read_docx:284 - DOCX: Technical Proposal_ WHH Endline Evaluation Kenya.docx → 69993 chars
2026-09-14 14:06:13.178 | INFO     | utils.observability:record_usage:169 - llm_usage stage= model=claude-haiku-4-5 in=5055 out=713 cached=0 est_cost_usd=0.00862
2026-09-14 14:06:13.179 | DEBUG    | __main__:extract_proposal_info:585 - Extracted proposal: Evaluation of the Chukua Control, Civil Society Empowerment for Improved Service Delivery in Rural Areas of Kenya
2026-09-14 14:06:14.881 | DEBUG    | __main__:read_docx:284 - DOCX: Technical Proposal_ WHH TECHNICAL STRENGTHENING SUPPORT ASSESSMENT.docx → 52008 chars
2026-09-14 14:06:23.882 | INFO     | utils.observability:record_usage:169 - llm_usage stage= model=claude-haiku-4-5 in=5139 out=780 cached=0 est_cost_usd=0.009039
2026-09-14 14:06:23.883 | DEBUG    | __main__:extract_proposal_info:585 - Extracted proposal: Technical Strengthening Support Assessment of WASH Projects
2026-09-14 14:06:28.780 | DEBUG    | __main__:read_pdf:253 - PDF: Technical Proposal_Endline Evaluation_KEN1202.pdf → 90233 chars
2026-09-14 14:06:37.343 | INFO     | utils.observability:record_usage:169 - llm_usage stage= model=claude-haiku-4-5 in=5066 out=755 cached=0 est_cost_usd=0.008841
2026-09-14 14:06:37.343 | DEBUG    | __main__:extract_proposal_info:585 - Extracted proposal: Evaluation of the Chukua Control, Civil Society Empowerment for improved service delivery in rural areas of Kenya
2026-09-14 14:06:38.994 | DEBUG    | __main__:read_docx:284 - DOCX: Technical Proposal_GIZ Remuneration Survey_Cortech_2025.docx → 27185 chars
2026-09-14 14:06:48.447 | INFO     | utils.observability:record_usage:169 - llm_usage stage= model=claude-haiku-4-5 in=4929 out=697 cached=0 est_cost_usd=0.008414000000000001
2026-09-14 14:06:48.447 | DEBUG    | __main__:extract_proposal_info:585 - Extracted proposal: Consultancy to Conduct Survey of Applicable Expert Remuneration Fees in Comparable Organizations in Kenya
2026-09-14 14:06:50.776 | DEBUG    | __main__:read_docx:284 - DOCX: Technical Proposal_Somalia EIE Consultancy (3).docx → 104394 chars
2026-09-14 14:06:50.817 | DEBUG    | populate_airtable:read_pdf:254 - PDF: Technical Proposal_ DRC BORESHA NABAD Project.pdf → 118637 chars
2026-09-14 14:06:59.525 | INFO     | utils.observability:record_usage:169 - llm_usage stage= model=claude-haiku-4-5 in=4914 out=730 cached=0 est_cost_usd=0.008563999999999999
2026-09-14 14:06:59.525 | DEBUG    | populate_airtable:extract_proposal_info:586 - Extracted proposal: Provision of Business Development Services (BDS) Mentorship and Coaching to VSLA Groups and TVET Youths in Mandera under BORESHA-NABAD Programme
2026-09-14 14:06:59.710 | INFO     | utils.observability:record_usage:169 - llm_usage stage= model=claude-haiku-4-5 in=4885 out=659 cached=0 est_cost_usd=0.00818
2026-09-14 14:06:59.711 | DEBUG    | __main__:extract_proposal_info:585 - Extracted proposal: Somalia Education In Emergencies Anticipatory Action Consultancy – Education Cannot Wait Pilot Programme
2026-09-14 14:07:01.499 | DEBUG    | __main__:read_docx:284 - DOCX: Technical Proposal_World Vision Endline Evaluation Somalia.docx → 53204 chars
2026-09-14 14:07:01.945 | DEBUG    | populate_airtable:read_docx:285 - DOCX: Technical Proposal_ DRC Mapping Formal Financial Service Providers for Refugees.docx → 56487 chars
2026-09-14 14:07:10.996 | INFO     | utils.observability:record_usage:169 - llm_usage stage= model=claude-haiku-4-5 in=4598 out=696 cached=0 est_cost_usd=0.008078
2026-09-14 14:07:10.996 | DEBUG    | populate_airtable:extract_proposal_info:586 - Extracted proposal: Mapping of Formal Financial Service Providers for Refugees and Host Communities in Kenya
2026-09-14 14:07:11.443 | INFO     | utils.observability:record_usage:169 - llm_usage stage= model=claude-haiku-4-5 in=4991 out=764 cached=0 est_cost_usd=0.008811
2026-09-14 14:07:11.443 | DEBUG    | __main__:extract_proposal_info:585 - Extracted proposal: End-Line Evaluation for SOMREP RFSS Project (Riverine and Pastoral Food Systems Strengthening)
2026-09-14 14:07:12.784 | DEBUG    | populate_airtable:read_docx:285 - DOCX: Technical Proposal_ Somalia Nutrition Cluster Strategy and Response Plan.docx → 50683 chars
2026-09-14 14:07:13.019 | DEBUG    | __main__:read_docx:284 - DOCX: Technical_Proposal_Agricultural_Processing_Business_In_Gobweyn[1].docx → 41509 chars
2026-09-14 14:07:21.988 | INFO     | utils.observability:record_usage:169 - llm_usage stage= model=claude-haiku-4-5 in=5095 out=671 cached=0 est_cost_usd=0.00845
2026-09-14 14:07:21.989 | DEBUG    | populate_airtable:extract_proposal_info:586 - Extracted proposal: Somalia Nutrition Cluster Strategy and Response Plan (2025–2028)
2026-09-14 14:07:22.301 | INFO     | utils.observability:record_usage:169 - llm_usage stage= model=claude-haiku-4-5 in=4939 out=698 cached=0 est_cost_usd=0.008428999999999999
2026-09-14 14:07:22.301 | DEBUG    | __main__:extract_proposal_info:585 - Extracted proposal: Consultancy Service for Agricultural Processing Business in Gobweyn/Luglow, Jubbaland for the Promoting Climate Resilient Food Security in Jubbaland Project
2026-09-14 14:07:23.766 | DEBUG    | populate_airtable:read_docx:285 - DOCX: Technical Proposal_ WHH Endline Evaluation Kenya.docx → 69993 chars
2026-09-14 14:07:23.953 | DEBUG    | __main__:read_docx:284 - DOCX: Technicap Proposal Concern WorldWide 6 November 2025.docx → 73335 chars
2026-09-14 14:07:32.749 | INFO     | utils.observability:record_usage:169 - llm_usage stage= model=claude-haiku-4-5 in=5055 out=722 cached=0 est_cost_usd=0.008664999999999999
2026-09-14 14:07:32.750 | DEBUG    | populate_airtable:extract_proposal_info:586 - Extracted proposal: Evaluation of the Chukua Control, Civil Society Empowerment for Improved Service Delivery in Rural Areas of Kenya
2026-09-14 14:07:34.078 | INFO     | utils.observability:record_usage:169 - llm_usage stage= model=claude-haiku-4-5 in=4742 out=761 cached=0 est_cost_usd=0.008546999999999999
2026-09-14 14:07:34.078 | DEBUG    | __main__:extract_proposal_info:585 - Extracted proposal: Endline Evaluation of the EU–NEGAAD Project: Supporting Climate Adaptation and Durable Solutions for Displacement-Affected Communities in the Shabelle River Basin, Afgoye District
2026-09-14 14:07:34.464 | DEBUG    | populate_airtable:read_docx:285 - DOCX: Technical Proposal_ WHH TECHNICAL STRENGTHENING SUPPORT ASSESSMENT.docx → 52008 chars
2026-09-14 14:07:35.674 | DEBUG    | __main__:read_docx:284 - DOCX: Tehnical Proposal KRCS.docx → 60375 chars
2026-09-14 14:07:43.872 | INFO     | utils.observability:record_usage:169 - llm_usage stage= model=claude-haiku-4-5 in=5139 out=803 cached=0 est_cost_usd=0.009154
2026-09-14 14:07:43.873 | DEBUG    | populate_airtable:extract_proposal_info:586 - Extracted proposal: Technical Strengthening Support Assessment of WASH Projects
2026-09-14 14:07:45.539 | INFO     | utils.observability:record_usage:169 - llm_usage stage= model=claude-haiku-4-5 in=4847 out=769 cached=0 est_cost_usd=0.008692
2026-09-14 14:07:45.540 | DEBUG    | __main__:extract_proposal_info:585 - Extracted proposal: End-Term Evaluation of the Youth Social and Economic Empowerment Project (YSEEP) in Mombasa
2026-09-14 14:07:45.564 | DEBUG    | populate_airtable:read_docx:285 - DOCX: Technical Proposal_GIZ Remuneration Survey_Cortech_2025.docx → 27185 chars
2026-09-14 14:07:47.158 | DEBUG    | __main__:read_docx:284 - DOCX: UNICEF CONCEPT NOTE BY CORTECH.docx → 69049 chars
2026-09-14 14:07:55.052 | INFO     | utils.observability:record_usage:169 - llm_usage stage= model=claude-haiku-4-5 in=4929 out=728 cached=0 est_cost_usd=0.008569
2026-09-14 14:07:55.053 | DEBUG    | populate_airtable:extract_proposal_info:586 - Extracted proposal: Consultancy to Conduct Survey of Applicable Expert Remuneration Fees in Comparable Organizations in Kenya
2026-09-14 14:07:56.772 | DEBUG    | populate_airtable:read_docx:285 - DOCX: Technical Proposal_World Vision Endline Evaluation Somalia.docx → 53204 chars
2026-09-14 14:07:57.106 | INFO     | utils.observability:record_usage:169 - llm_usage stage= model=claude-haiku-4-5 in=5903 out=757 cached=0 est_cost_usd=0.009688
2026-09-14 14:07:57.106 | DEBUG    | __main__:extract_proposal_info:585 - Extracted proposal: Enhancing Integrated Health, Nutrition, and WASH Services for Child Survival in Bu'aale District, Middle Juba Region
2026-09-14 14:07:58.764 | DEBUG    | __main__:read_docx:284 - DOCX: WHH TECHNICAL PROPOSAL.docx → 42649 chars
2026-09-14 14:08:05.916 | INFO     | utils.observability:record_usage:169 - llm_usage stage= model=claude-haiku-4-5 in=4991 out=711 cached=0 est_cost_usd=0.008546
2026-09-14 14:08:05.916 | DEBUG    | populate_airtable:extract_proposal_info:586 - Extracted proposal: End-Line Evaluation for SOMREP RFSS Project (Riverine and Pastoral Food Systems Strengthening)
2026-09-14 14:08:07.457 | INFO     | utils.observability:record_usage:169 - llm_usage stage= model=claude-haiku-4-5 in=4946 out=785 cached=0 est_cost_usd=0.008871
2026-09-14 14:08:07.458 | DEBUG    | __main__:extract_proposal_info:585 - Extracted proposal: Provision of Consultancy Services for Midline Evaluation in Kilifi and Tana River Counties
2026-09-14 14:08:09.337 | DEBUG    | populate_airtable:read_pdf:254 - PDF: Technical proposal _Cortech_GIZ.pdf → 57357 chars
2026-09-14 14:08:18.414 | INFO     | utils.observability:record_usage:169 - llm_usage stage= model=claude-haiku-4-5 in=4786 out=732 cached=0 est_cost_usd=0.008446
2026-09-14 14:08:18.415 | DEBUG    | populate_airtable:extract_proposal_info:586 - Extracted proposal: Operationalization of the Water Sector Coordination Framework for Hirshabelle State, Somalia
2026-09-14 14:08:33.799 | DEBUG    | populate_airtable:read_pdf:254 - PDF: Cortech-Technical Proposal.pdf → 481145 chars
2026-09-14 14:08:42.581 | INFO     | utils.observability:record_usage:169 - llm_usage stage= model=claude-haiku-4-5 in=5325 out=725 cached=0 est_cost_usd=0.00895
2026-09-14 14:08:42.582 | DEBUG    | populate_airtable:extract_proposal_info:586 - Extracted proposal: Independent Evaluation of the Sida-Funded Sub-Saharan Africa Energy Access Programme (REACT SSA)
2026-09-14 14:08:44.321 | DEBUG    | populate_airtable:read_pdf:254 - PDF: Technical proposal.pdf → 0 chars
2026-09-14 14:08:44.387 | DEBUG    | populate_airtable:read_docx:285 - DOCX: Technical_Proposal_Agricultural_Processing_Business_In_Gobweyn[1].docx → 41509 chars
2026-09-14 14:08:53.306 | INFO     | utils.observability:record_usage:169 - llm_usage stage= model=claude-haiku-4-5 in=4939 out=677 cached=0 est_cost_usd=0.008324
2026-09-14 14:08:53.306 | DEBUG    | populate_airtable:extract_proposal_info:586 - Extracted proposal: Consultancy Service for Agricultural Processing Business in Gobweyn/Luglow, Jubbaland for the Promoting Climate Resilient Food Security in Jubbaland Project
